sys::current_roc,sys::score,sys::entry_allowed,sys::volume_supports,sys::volatility_supports,sys::rvol,sys::atr_ratio,sys::adx_val,sys::composite_usd_risk,sys::raw_model_score,sys::adaptive_score,sys::adaptive_score_enabled,sys::bull_clusters,sys::bear_clusters,sys::legacy_score,sys::score_raw_cycle,sys::direction_score_z,sys::direction_velocity,sys::direction_acceleration,sys::direction_persistence,sys::direction_warmup,sys::direction_strong_impulse,sys::direction_velocity_support,sys::direction_z_support,sys::direction_execution_independent,sys::live_price_score,sys::live_score,sys::live_regime_event,sys::live_thresholds_adaptive,sys::live_counter_trend,sys::timeframe_confluence.confluence_score,sys::timeframe_confluence.all_aligned,sys::timeframe_confluence.entry_confirmed,sys::timeframe_confluence.weight_total,sys::pair_stats.corr,sys::pair_stats.residual_z,sys::pair_stats.divergence_z_used,sys::pair_stats.spread,sys::adaptive_cluster_scores.A,sys::adaptive_cluster_scores.B,sys::adaptive_cluster_scores.C,sys::adaptive_cluster_scores.D,sys::adaptive_cluster_scores.E,sys::short_term_parts.model_z,sys::short_term_parts.price_z,sys::short_term_parts.model_part,sys::short_term_parts.price_part,sys::short_term_parts.price_share,sys::intraday_regime.adx_val,sys::intraday_regime.atr_ratio,sys::stateful_entry_profile.atr_rank,sys::stateful_entry_profile.rvol_rank,cat::verdict,cat::forecast,cat::short_term,cat::live_tier,cat::direction,cat::stage,cat::entry_grade,cat::live_vs_model,cat::adx_trend,cat::intraday_trend,cat::intraday_vol,f::asset_direction,f::semi_lead,f::market_breadth,f::defensive_flight,f::consumer_demand,f::equity_duration_drag,f::duration_risk,f::banking_stress,f::credit_spread,f::vix_strain,f::vix_term,f::stagflation_shock,f::usd_strength,f::net_dollar_liquidity,f::usd_jpy_carry,f::nq_relative_divergence,f::vix_term_lead,f::tail_risk_skew_lead,mac::composite_usd_risk,mac::dxy_velocity,mac::ndl_z,mac::current_vix,mac::stagflation_z,mac::yen_carry_z,mac::dfii10_z,mac::crisis_active,mac::regime_id,asset,t,f::tech_breadth_dispersion,f::speculative_beta,f::spx_relative_divergence,f::tech_vol_premium_lead,sys::score_before_pair,sys::live_score_pair_adjusted,sys::pair_direction_score,f::gold_macro_lead,f::gold_sovereign_decoupling,f::gold_vol_premium_lead,f::real_yield,f::breakeven_infl,f::safe_haven,f::gold_oil_ratio,f::copper_gold,f::gsr_velocity,f::gold_sympathy,f::gold_divergence_residual,f::silver_monetary_catchup,f::silver_vol_premium_lead,f::silver_copper,sys::pair_common_factor.rho,sys::pair_common_factor.common_score,sys::pair_common_factor.gap_before,sys::pair_common_factor.gap_after,sys::pair_common_factor.divergence_evidence,f::crypto_taker,f::stablecoin_usd_impulse,f::funding_stress,f::liquidation_squeeze_risk,f::btc_dominance,f::btc_sympathy,f::eth_btc_beta
-0.067,-0.1507,0,0,0,0.77,1.51,62.2,0.566024,-0.39,-0.2144,1,1,2,-0.2144,-0.2144,-0.9269,-0.005022,-0.000369,12,0,0,0,1,1,-0.7543,-0.2746,1,1,0,0.2808,0,0,0.9943,0.88204,2.1524,1.75,0.00140073,-1.43631,0.923811,-0.128942,-0.02373,-0.851263,-0.251,-0.629,-0.176,-0.075,0.3,62.2,1.51,1,0.513333,0,0,0,0,0,0,0,0,1,0,1,-0.030362,-1.8,1.8,-1.8,-0.71,1.06,-0.06,-1.8,-0.480384,0.8,1.02,-0.03418,0.2052,-1.25,-1.10432,-1.07,0.6,0.08,0.566024,-0.2052,-1.25,15.08,0.0341801,-1.10432,-1.25,0,3,SPX,2026-10-07T20:19:13.822118+00:00,,,,,,,,,,,,,,,,,,,,,,,,,,,,,,,,,
0.068,-0.1406,0,0,0,1,1.48,68.2,0.566024,-0.12,-0.1357,1,1,2,-0.1357,-0.1357,-1.0121,0.0004,0.000278,12,0,0,0,1,1,1.2509,-0.1171,1,1,0,0.3739,1,1,0.996,0.88204,2.1524,1.75,0.00140073,-1.41487,1.04174,0.068968,-0.021508,-0.664937,-0.234,1.042,-0.164,0.07,0.3,68.2,1.48,1,0.653333,0,0,0,0,0,0,0,0,1,0,1,0.116211,-1.8,,-0.84,,1.06,-0.06,-1.8,-0.480384,0.8,1.02,-0.03418,0.2052,-1.25,-1.10432,,0.6,0.08,0.566024,-0.2052,-1.25,15.08,0.0341801,-1.10432,-1.25,0,3,NQ,2026-10-07T20:19:13.822118+00:00,-0.68,-1.25,1.08,0.15,,,,,,,,,,,,,,,,,,,,,,,,,,,,,
-0.184,-0.0007,0,0,1,0.87,1.27,58.1,0.566024,-0.08,0.224,1,3,2,0.224,0.2241,0.951,0.017756,0.002095,12,0,0,0,0,1,-1.062,0.0235,0,1,0,-0.2466,1,0,0.9953,0.88627,0.4354,1.75,0.00074566,-0.7223,2.06183,0.491889,0.251923,-0.830482,-0.001,-0.885,-0.001,-0,0.3,58.1,1.27,0.946667,0.5,0,0,0,0,0,0,0,0,1,0,0,-0.912107,,,,,,-0.06,1.8,,,,,0.2052,-1.25,,,,,0.566024,-0.2052,-1.25,15.08,0.0341801,-1.10432,-1.25,0,3,XAU,2026-10-07T20:19:13.822118+00:00,,,,,0.224,0.0161,0.016,-0.53,-1.23,0.31,1.25,0.58,-0.8,-0.525083,-1.21003,1.08709,,,,,,,,,,,,,,,,,
-0.3,0.0259,0,0,1,0.85,1.33,75.9,0.566024,-0.19,0.2248,1,2,2,0.2248,0.2247,0.8348,0.015689,0.001854,1,0,0,0,1,1,-1.4014,-0.0061,0,1,0,-0.1989,0,0,0.9952,0.88627,0.4354,1.75,0.00074566,-0.608078,1.70651,-0.142879,0.580499,-0.420187,0.043,-1.168,0.03,-0.013,0.3,75.9,1.33,0.946667,0.526667,0,0,0,0,0,0,0,0,1,0,0,-1.69065,,,,,,-0.06,,-0.480384,,,,0.2052,-1.25,,,,,0.566024,-0.2052,-1.25,15.08,0.0341801,-1.10432,-1.25,0,3,XAG,2026-10-07T20:19:13.822118+00:00,,,,,0.2248,0.0013,0.001,,,0.31,1.25,0.58,,,1.21003,,-0.912107,0.22,-1.07969,0.15,-0.697411,,,,,,,,,,,,
0.023,0.0458,0,0,1,0.67,1.02,74.4,0.566024,0.05,0.0475,1,3,1,0.0475,0.0475,0.4231,0.000133,7e-05,12,0,0,0,0,1,0.2352,0.0529,0,1,0,-0.019,0,0,0.9899,0.83295,2.5232,1.75,0.00338472,-1.64775,0.794228,0.553117,,0.551643,0.076,0.196,0.053,0.023,0.3,74.4,1.02,0.486667,0.313333,0,0,0,0,0,0,0,0,1,0,0,-0.593406,,,,,,-0.06,1.8,-0.480384,0.8,,,0.2052,-1.25,-1.10432,,,,0.566024,-0.2052,-1.25,15.08,0.0341801,-1.10432,-1.25,0,3,BTC,2026-10-07T20:19:13.822118+00:00,,,,,0.0475,,,,,,1.25,,,,,,,,,,,0.833,-0.0773,-0.2495,-0.2495,1,0.22,-0.39,0.26,0.31,1.8,,
0.326,-0.166,0,0,1,1.15,1.02,75.8,0.566024,-0.14,-0.202,1,1,2,-0.202,-0.202,-0.4684,-0.002833,-0.00027,12,0,0,0,0,1,1.1373,-0.1341,0,1,0,-0.3392,0,0,0.9939,0.83295,2.5232,1.75,0.00338472,-1.4156,0.878841,0.106319,,-0.697403,-0.277,0.948,-0.194,0.083,0.3,75.8,1.02,0.453333,0.593333,0,0,0,0,0,0,0,0,1,0,0,-0.901961,,,,,,-0.06,,-0.480384,0.8,,,0.2052,-1.25,-1.10432,,,,0.566024,-0.2052,-1.25,15.08,0.0341801,-1.10432,-1.25,0,3,ETH,2026-10-07T20:19:13.822118+00:00,,,,,-0.202,,,,,,1.25,,,,,,,,,,,0.833,-0.0773,-0.2495,-0.2495,1,0.14,-0.52,0.47,0.56,,-0.65934,-1.8
-0.013,-0.1597,0,0,0,0.79,1.5,59.8,0.614695,-0.32,-0.3252,1,1,2,-0.3252,-0.3252,-0.9414,-0.009,-0.003978,12,0,0,0,1,1,-0.3484,-0.2874,1,1,0,0.2797,0,0,0.9943,0.8825,0.5947,1.75,0.00038305,-1.50021,0.903156,-0.07725,-0.038845,-1.58692,-0.266,-0.29,-0.186,-0.08,0.3,59.8,1.5,0.986667,0.526667,0,0,0,0,0,0,0,0,1,0,1,-0.014596,-1.8,-1.8,-1.35,-0.75,1.06,-0.09,-1.8,-0.278237,0.78,1.02,-0.055959,0.054741,-1.25,-1.00914,-0.31,0.6,0.08,0.614695,-0.0547407,-1.25,15.08,0.0559587,-1.00914,-1.25,0,3,SPX,2026-10-07T21:13:59.694711+00:00,,,,,,-0.2874,-0.287,,,,,,,,,,,,,,,,,,,,,,,,,,
0.027,-0.1406,0,0,0,0.78,1.45,66.2,0.614695,-0.13,-0.1392,1,1,2,-0.1392,-0.1392,-0.9934,0,-0.0004,12,0,0,0,1,1,0.737,-0.115,1,1,0,0.3848,1,1,0.996,0.8825,0.5947,1.75,0.00038305,-1.4817,1.02393,0.128967,-0.035208,-0.651866,-0.234,0.614,-0.164,0.07,0.3,66.2,1.45,0.993333,0.446667,0,0,0,0,0,0,0,0,1,0,1,0.166945,-1.8,,-0.07,,1.06,-0.09,-1.8,-0.278237,0.78,1.02,-0.055959,0.054741,-1.25,-1.00914,,0.6,0.08,0.614695,-0.0547407,-1.25,15.08,0.0559587,-1.00914,-1.25,0,3,NQ,2026-10-07T21:13:59.694711+00:00,-0.52,-1.09,0.3,0.17,,-0.115,-0.115,,,,,,,,,,,,,,,,,,,,,,,,,,
0.213,0.0141,0,1,0,1.36,1.28,57.8,0.614695,0.09,0.2912,1,3,2,0.2912,0.2888,0.9617,0.0148,-0.002956,1,0,0,0,1,1,1.0213,0.0301,0,1,0,-0.1809,1,0,0.9953,0.88598,-0.9383,1.75,-0.00100895,-0.799634,2.0488,0.506305,0.291498,-0.418387,0.024,0.851,0.016,0.007,0.3,57.8,1.28,0.96,0.82,0,0,0,0,0,0,0,0,1,0,0,-0.579927,,,,,,-0.09,1.8,,,,,0.054741,-1.25,,,,,0.614695,-0.0547407,-1.25,15.08,0.0559587,-1.00914,-1.25,0,3,XAU,2026-10-07T21:13:59.694711+00:00,,,,,0.2912,0.0301,0.03,0.01,-1,0.3,1.25,0.58,-0.78,-0.187176,-1.19445,0.927693,,,,,,,,,,,,,,,,,
0.25,0.0366,0,0,1,0.66,1.3,77.7,0.614695,-0.1,0.2313,1,2,2,0.2313,0.2337,0.838,0.0107,-0.004989,2,0,0,0,1,1,0.5808,0.0397,0,1,0,-0.1281,0,0,0.9952,0.88598,-0.9383,1.75,-0.00100895,-0.681305,1.69394,-0.082799,0.631901,-0.413445,0.061,0.484,0.043,0.018,0.3,77.7,1.3,0.9,0.32,0,0,0,0,0,0,0,0,1,0,0,-1.08484,,,,,,-0.09,,-0.278237,,,,0.054741,-1.25,,,,,0.614695,-0.0547407,-1.25,15.08,0.0559587,-1.00914,-1.25,0,3,XAG,2026-10-07T21:13:59.694711+00:00,,,,,0.2313,0.0397,0.04,,,0.3,1.25,0.58,,,1.19445,,-0.579927,-0.47,-0.922871,0.16,-0.547235,,,,,,,,,,,,
-0.015,0.0287,0,0,1,1.39,1.02,72.6,0.614695,-0.31,-0.3036,1,2,2,-0.3036,-0.2868,0.3396,-0.0171,-0.017233,12,0,0,0,0,1,-0.0248,0.006,0,1,0,-0.0133,0,0,0.9899,0.83747,1.2165,1.75,0.00171516,-1.64562,0.786326,0.634958,,-1.38011,0.048,-0.021,0.033,-0.006,0.156,72.6,1.02,0.486667,0.666667,0,0,0,0,0,0,0,0,1,0,0,-0.544864,,,,,,-0.09,1.8,-0.278237,0.78,,,0.054741,-1.25,-1.00914,,,,0.614695,-0.0547407,-1.25,15.08,0.0559587,-1.00914,-1.25,0,3,BTC,2026-10-07T21:13:59.694711+00:00,,,,,-0.3036,-0.0277,-0.028,,,,1.25,,,,,,,,,,,0.837,-0.1818,0.2436,0.2099,0.695,-1,-1.43,0.22,0.26,1.8,,
0.125,-0.1615,0,1,1,2.79,0.99,74.8,0.614695,-0.03,-0.06,1,1,1,-0.06,-0.0768,-0.4425,0.0045,0.007333,12,0,0,0,0,1,0.7449,-0.1289,0,1,0,-0.3205,0,0,0.9939,0.83747,1.2165,1.75,0.00171516,-1.43281,0.869984,0.179493,,0.048147,-0.269,0.621,-0.188,0.081,0.3,74.8,0.99,0.433333,0.86,0,0,0,0,0,0,0,0,1,0,0,-0.788915,,,,,,-0.09,,-0.278237,0.78,,,0.054741,-1.25,-1.00914,,,,0.614695,-0.0547407,-1.25,15.08,0.0559587,-1.00914,-1.25,0,3,ETH,2026-10-07T21:13:59.694711+00:00,,,,,-0.06,-0.0952,-0.095,,,,1.25,,,,,,,,,,,0.837,-0.1818,0.2436,0.2099,0.695,0.37,-0.36,0.62,0.75,,-0.605405,-1.8
-0.06,-0.176,0,0,1,0.82,1.36,52.3,0.771272,-0.2,-0.2297,1,2,2,-0.2297,-0.2297,-0.9916,-0.004075,0.001231,12,0,0,0,1,1,-1.0139,-0.2795,0,1,0,0.2379,0,0,0.9928,0.88208,-1.3441,1.75,-0.00085284,-1.95448,0.909282,0.405722,-0.058147,-0.926572,-0.293,-0.845,-0.205,-0.088,0.3,52.3,1.36,0.906667,0.573333,0,0,0,0,0,0,0,0,1,0,1,-0.239265,-0.94,-1.8,-0.94,-0.19,1.06,-0.08,-1.14,0.01492,0.79,1.02,-0.083828,0.102658,-1.25,-1.8,0.38,0.6,0.06,0.771272,-0.102658,-1.25,15.08,0.0838279,-1.89984,-1.25,0,3,SPX,2026-10-08T01:50:10.562505+00:00,,,,,,-0.2795,-0.28,,,,,,,,,,,,,,,,,,,,,,,,,,
-0.152,-0.1395,0,0,1,0.73,1.3,53.5,0.771272,-0.17,-0.1358,1,2,2,-0.1358,-0.1358,-0.985,0.000275,6.9e-05,12,0,0,0,1,1,-1.6775,-0.2187,0,1,0,0.3427,0,0,0.9952,0.88208,-1.3441,1.75,-0.00085284,-1.88438,1.02891,0.58461,-0.052703,-0.667273,-0.233,-1.398,-0.163,-0.07,0.3,53.5,1.3,0.926667,0.4,0,0,0,0,0,0,0,0,1,0,1,-0.171326,-0.94,,-0.11,,1.06,-0.08,-1.14,0.01492,0.79,1.02,-0.083828,0.102658,-1.25,-1.8,,0.6,0.06,0.771272,-0.102658,-1.25,15.08,0.0838279,-1.89984,-1.25,0,3,NQ,2026-10-08T01:50:10.562505+00:00,-0.01,-0.83,-0.67,0.17,,-0.2187,-0.219,,,,,,,,,,,,,,,,,,,,,,,,,,
0.218,0.079,0,1,1,1.32,1.24,55.8,0.771272,0.17,0.2838,1,1,1,0.2838,0.2921,1.0765,0.016225,0.000356,2,0,0,0,1,1,1.2715,0.144,0,1,0,-0.2389,0,0,0.9965,0.88643,-0.6681,1.75,-0.00074279,-0.774888,2.05142,0.105909,0.028247,0.177089,0.132,1.06,0.092,0.04,0.3,55.8,1.24,0.873333,0.8,0,0,0,0,0,0,0,0,1,0,0,-0.052937,,,,,,-0.08,1.14,,,,,0.102658,-1.25,,,,,0.771272,-0.102658,-1.25,15.08,0.0838279,-1.89984,-1.25,0,3,XAU,2026-10-08T01:50:10.562505+00:00,,,,,0.2838,0.144,0.144,1.03,-0.98,0.3,1.25,0.58,-0.79,-0.001134,-1.01829,0.437444,,,,,,,,,,,,,,,,,
0.283,0.1117,0,1,1,1.38,1.23,76.1,0.771272,0.13,0.3665,1,2,1,0.3665,0.3582,0.9481,0.018775,0.002019,3,0,0,0,1,1,1.1253,0.2,0,1,0,-0.4529,1,1,0.9948,0.88643,-0.6681,1.75,-0.00074279,-0.658057,1.69786,0.004452,0.690583,0.085625,0.186,0.938,0.13,0.056,0.3,76.1,1.23,0.84,0.793333,0,0,0,0,0,0,0,0,1,0,0,-0.222052,,,,,,-0.08,,0.01492,,,,0.102658,-1.25,,,,,0.771272,-0.102658,-1.25,15.08,0.0838279,-1.89984,-1.25,0,3,XAG,2026-10-08T01:50:10.562505+00:00,,,,,0.3665,0.2,0.2,,,0.3,1.25,0.58,,,1.01829,,-0.052937,-0.33,-0.437842,0.16,-0.334632,,,,,,,,,,,,
-0.017,-0.0634,0,1,1,2.97,1,68.5,0.771272,-0.32,-0.3731,1,2,2,-0.3731,-0.3657,-0.0868,-0.023025,-0.001481,1,0,0,0,0,1,-0.3959,-0.0919,0,1,0,-0.6966,1,1,0.9917,0.83606,1.4799,1.75,0.00203141,-2.21049,0.788384,0.602508,,-1.15282,-0.106,-0.33,-0.074,-0.032,0.3,68.5,1,0.44,0.906667,0,0,0,0,0,0,0,0,1,0,0,-0.608852,,,,,,-0.08,1.14,0.01492,0.79,,,0.102658,-1.25,-1.8,,,,0.771272,-0.102658,-1.25,15.08,0.0838279,-1.89984,-1.25,0,3,BTC,2026-10-08T01:50:10.562505+00:00,,,,,-0.3731,-0.0919,-0.092,,,,1.25,,,,,,,,,,,0.836,-0.2674,0.2113,0.1966,0.846,-0.72,-1.16,0.11,0.13,1.8,,
0.158,-0.1633,0,0,1,1.23,0.94,72.3,0.771272,-0.1,-0.1618,1,2,1,-0.1618,-0.1692,-0.4494,-0.00045,-0.001238,12,0,0,0,0,1,0.5684,-0.0951,0,1,0,-0.7532,1,1,0.992,0.83606,1.4799,1.75,0.00203141,-1.90119,0.872052,0.30041,,-0.174921,-0.272,0.474,-0.191,0.082,0.3,72.3,0.94,0.353333,0.606667,0,0,0,0,0,0,0,0,1,0,0,-0.564982,,,,,,-0.08,,0.01492,0.79,,,0.102658,-1.25,-1.8,,,,0.771272,-0.102658,-1.25,15.08,0.0838279,-1.89984,-1.25,0,3,ETH,2026-10-08T01:50:10.562505+00:00,,,,,-0.1618,-0.0951,-0.095,,,,1.25,,,,,,,,,,,0.836,-0.2674,0.2113,0.1966,0.846,0.16,-0.55,0.62,0.74,,-0.676502,-1.8
-0.073,-0.2128,0,1,1,1.36,0.83,26.6,0.42493,-0.26,-0.2865,1,1,3,-0.2865,-0.2865,-1.107,-0.005257,-0.000169,12,0,0,0,1,1,-1.6617,-0.3803,1,1,0,0.1044,0,0,0.9925,0.88773,-0.0194,1.75,-3.199e-05,-0.73596,0.902086,-0.171046,-0.288108,-1.73364,-0.355,-1.385,-0.248,-0.106,0.3,26.6,0.83,0.266667,0.72,0,0,0,0,0,0,0,0,1,0,0,-0.708071,-0.92,-1.8,-0.94,-0.21,1.06,-0.08,-1.14,0.01492,0.05,0.81,-0.413898,-0.225941,-1.25,0.571217,-0.17,0.48,0.06,0.42493,0.225941,-1.25,15.66,0.413898,0.571217,-1.25,0,3,SPX,2026-10-08T08:50:38.381516+00:00,,,,,,-0.3803,-0.38,,,,,,,,,,,,,,,,,,,,,,,,,,
-0.094,-0.1422,0,1,1,1.19,0.95,24.9,0.42493,-0.16,-0.1476,1,1,3,-0.1476,-0.1476,-0.9855,-0.000386,-9.4e-05,12,0,0,0,1,1,-1.7056,-0.2626,1,1,0,0.0885,0,0,0.9935,0.88773,-0.0194,1.75,-3.199e-05,-0.813707,1.01975,-0.040876,-0.261149,-0.982929,-0.237,-1.421,-0.166,-0.071,0.3,24.9,0.95,0.366667,0.733333,0,0,0,0,0,0,0,0,1,0,0,-0.783441,-0.92,,-0.07,,1.06,-0.08,-1.14,0.01492,0.05,0.81,-0.413898,-0.225941,-1.25,0.571217,,0.48,0.06,0.42493,0.225941,-1.25,15.66,0.413898,0.571217,-1.25,0,3,NQ,2026-10-08T08:50:38.381516+00:00,-0.01,-0.83,-0.01,0.22,,-0.2626,-0.263,,,,,,,,,,,,,,,,,,,,,,,,,,
-0.034,0.1616,0,0,1,0.81,0.92,34.3,0.42493,0.04,0.3272,1,3,2,0.3272,0.3272,1.2189,0.0118,-0.000632,3,0,0,0,1,1,-0.0751,0.1427,0,1,0,-0.4378,1,1,0.9965,0.87274,-3.2714,1.75,-0.00451231,-0.948168,2.06545,0.660984,0.391591,-0.33381,0.269,-0.063,0.189,-0.019,0.091,34.3,0.92,0.313333,0.373333,0,0,0,0,0,0,0,0,1,0,0,-0.693628,,,,,,-0.08,1.14,,,,,-0.225941,-1.25,,,,,0.42493,0.225941,-1.25,15.66,0.413898,0.571217,-1.25,0,3,XAU,2026-10-08T08:50:38.381516+00:00,,,,,0.3272,,,-0.06,-0.62,0.3,1.25,0.58,-0.05,-1.8,-0.711573,1.8,,,,,,,,,,,,,,,,,
-0.64,0.057,0,0,1,0.99,1.04,40.6,0.42493,-0.6,-0.0527,1,1,2,-0.0527,-0.0527,0.8579,-0.007814,-0.003798,4,0,0,0,1,1,-2.6066,0.0124,0,1,0,-0.9432,1,1,0.9943,0.87274,-3.2714,1.75,-0.00451231,-0.818874,1.69646,0.004433,0.143408,-1.28741,0.095,-2.172,0.066,-0.028,0.3,40.6,1.04,0.58,0.6,0,0,0,0,0,0,0,0,1,0,0,-1.8,,,,,,-0.08,,0.01492,,,,-0.225941,-1.25,,,,,0.42493,0.225941,-1.25,15.66,0.413898,0.571217,-1.25,0,3,XAG,2026-10-08T08:50:38.381516+00:00,,,,,-0.0527,,,,,0.3,1.25,0.58,,,0.711573,,-0.693628,-1.64,-1.8,0.16,-1.8,,,,,,,,,,,,
0.149,-0.0214,0,0,1,0.65,1,44.9,0.42493,-0.07,0.0614,1,2,1,0.0614,0.0627,0.1084,0.006,0.004146,2,0,0,0,0,1,1.061,-0.0399,0,1,0,-0.6596,1,1,0.9933,0.83365,-0.6193,1.75,-0.00059722,-0.597718,0.783127,0.311085,,-0.17119,-0.036,0.884,-0.025,0.011,0.3,44.9,1,0.44,0.22,0,0,0,0,0,0,0,0,1,0,0,-0.093619,,,,,,-0.08,1.14,0.01492,0.05,,,-0.225941,-1.25,0.571217,,,,0.42493,0.225941,-1.25,15.66,0.413898,0.571217,-1.25,0,3,BTC,2026-10-08T08:50:38.381516+00:00,,,,,0.0614,-0.0399,-0.04,,,,1.25,,,,,,,,,,,0.834,0.0659,0.0089,0.0063,0.354,-0.43,-1.03,0.54,0.64,0.27,,
0.06,-0.086,0,0,1,0.23,0.86,33.5,0.42493,-0.07,0.0703,1,1,1,0.0703,0.069,-0.0911,0.011043,0.001642,12,0,0,0,0,1,0.4564,-0.083,0,1,0,-0.7292,1,1,0.9935,0.83365,-0.6193,1.75,-0.00059722,-0.597565,0.874463,0.02468,,0.090721,-0.143,0.38,-0.1,0.043,0.3,33.5,0.86,0.233333,0.02,0,0,0,0,0,0,0,0,1,0,0,-0.268029,,,,,,-0.08,,0.01492,0.05,,,-0.225941,-1.25,0.571217,,,,0.42493,0.225941,-1.25,15.66,0.413898,0.571217,-1.25,0,3,ETH,2026-10-08T08:50:38.381516+00:00,,,,,0.0703,-0.083,-0.083,,,,1.25,,,,,,,,,,,0.834,0.0659,0.0089,0.0063,0.354,-0.05,-0.68,0.48,0.58,,-0.104021,-0.270199
-0.128,-0.0696,0,0,1,0.75,1.07,35.5,-0.0153719,0.16,0.1919,1,2,2,0.1919,0.1919,-0.6099,0.0179,0.002895,12,0,0,0,1,1,-1.6617,-0.2055,0,1,0,0.1508,0,0,0.9941,0.8666,-1.3528,1.75,-0.00091579,0.319474,1.79444,-0.07604,-0.297195,-0.385988,-0.116,-1.385,-0.081,-0.035,0.3,35.5,1.07,0.586667,0.493333,0,0,0,0,0,0,0,0,1,0,0,0.079858,-0.85,-1.8,1.8,-1.8,1.06,1.23,-0.63,-1.2931,0.24,0.98,-0.431974,0.331469,-1.25,1.51855,0.19,0.58,0.06,-0.0153719,-0.331469,-1.25,15.49,0.431974,1.51855,-1.25,0,3,SPX,2026-10-08T16:24:16.127957+00:00,,,,,,-0.2055,-0.205,,,,,,,,,,,,,,,,,,,,,,,,,,
-0.249,-0.0407,0,0,1,0.86,1.21,36.2,-0.0153719,0.11,0.1445,1,1,2,0.1445,0.1445,-0.653,0.012687,0.001634,12,0,0,0,1,1,-2.2164,-0.1574,0,1,0,0.1334,0,0,0.9938,0.8666,-1.3528,1.75,-0.00091579,0.169154,1.78154,-0.010354,-0.272563,-0.610459,-0.068,-1.847,-0.047,-0.02,0.3,36.2,1.21,0.846667,0.513333,0,0,0,0,0,0,0,0,1,0,0,-0.052384,-0.85,,1.8,,1.06,1.23,-0.63,-1.2931,0.24,0.98,-0.431974,0.331469,-1.25,1.51855,,0.58,0.06,-0.0153719,-0.331469,-1.25,15.49,0.431974,1.51855,-1.25,0,3,NQ,2026-10-08T16:24:16.127957+00:00,-1.22,-0.93,-0.68,0.18,,-0.1574,-0.157,,,,,,,,,,,,,,,,,,,,,,,,,,
-0.309,0.2459,0,0,1,0.71,0.99,26.6,-0.0153719,0.01,0.4282,1,3,2,0.4282,0.3997,1.352,0.010538,-0.000158,4,0,0,0,1,1,-2.0069,0.2037,0,1,0,-0.5232,1,1,0.9962,0.86456,0.7421,1.75,0.00149521,-0.655575,2.63413,0.212569,0.913332,-0.699061,0.41,-1.672,0.287,-0.123,0.3,26.6,0.99,0.493333,0.313333,0,0,0,0,0,0,0,0,1,0,0,-0.393161,,,,,,1.23,0.63,,,,,0.331469,-1.25,,,,,-0.0153719,-0.331469,-1.25,15.49,0.431974,1.51855,-1.25,0,3,XAU,2026-10-08T16:24:16.127957+00:00,,,,,0.4282,0.1467,0.147,-1.49,-0.37,0.36,1.25,0.58,-0.24,-1.8,0.844715,1.8,,,,,,,,,,,,,,,,,
-0.422,0.0977,0,0,1,0.97,1.01,33.5,-0.0153719,-0.08,0.1436,1,1,3,0.1436,0.1721,0.909,0.005087,0.001613,5,0,0,0,1,1,-1.7774,-0.0244,0,1,0,-0.8135,1,1,0.9926,0.86456,0.7421,1.75,0.00149521,-0.546915,2.24762,-0.389514,-0.623959,0.02567,0.163,-1.481,0.114,-0.049,0.3,33.5,1.01,0.486667,0.573333,0,0,0,0,0,0,0,0,1,0,0,-0.773762,,,,,,1.23,,-1.2931,,,,0.331469,-1.25,,,,,-0.0153719,-0.331469,-1.25,15.49,0.431974,1.51855,-1.25,0,3,XAG,2026-10-08T16:24:16.127957+00:00,,,,,0.1436,0.0326,0.033,,,0.36,1.25,0.58,,,-0.844715,,-0.393161,0.37,-1.8,0.21,0.022521,,,,,,,,,,,,
-2.001,0.1133,0,1,1,3.74,1.49,43,-0.0153719,0.21,0.3594,1,3,1,0.3594,0.3594,0.7369,0.016837,0.001355,1,0,0,0,1,1,-4,-0.014,1,1,0,-0.9435,1,1,0.9952,0.87518,-7.3966,1.75,-0.0108465,0.358686,1.11691,-0.317593,,0.745046,0.189,-3,0.132,-0.057,0.3,43,1.49,0.913333,0.94,0,0,0,0,0,0,0,0,1,0,1,-1.8,,,,,,1.23,0.63,-1.2931,0.24,,,0.331469,-1.25,1.51855,,,,-0.0153719,-0.331469,-1.25,15.49,0.431974,1.51855,-1.25,0,3,BTC,2026-10-08T16:24:16.127957+00:00,,,,,0.3594,,,,,,1.25,,,,,,,,,,,0.875,0.1774,-0.3641,-0.3641,1,0.73,0.07,0.22,0.26,1.8,,
-3.857,-0.0572,0,1,0,9.56,1.68,33.5,-0.0153719,-0.15,-0.0047,1,2,2,-0.0047,-0.0047,0.0432,0.0036,-0.00093,12,0,0,0,0,1,-4,-0.1849,1,1,0,-0.9979,1,1,0.9954,0.87518,-7.3966,1.75,-0.0108465,0.265856,1.24682,-0.421783,,-1.1172,-0.095,-3,-0.067,-0.029,0.3,33.5,1.68,1,0.973333,0,0,0,0,0,0,0,0,1,0,1,-1.8,,,,,,1.23,,-1.2931,0.24,,,0.331469,-1.25,1.51855,,,,-0.0153719,-0.331469,-1.25,15.49,0.431974,1.51855,-1.25,0,3,ETH,2026-10-08T16:24:16.127957+00:00,,,,,-0.0047,,,,,,1.25,,,,,,,,,,,0.875,0.1774,-0.3641,-0.3641,1,0.52,-0.16,0.35,0.43,,-1.8,-1.8
0.064,0.002,0,0,0,1.01,1.45,31.3,,0.07,0.189,1,2,2,0.189,0.189,-0.362,0.011933,-0.000994,1,0,0,0,0,1,1.3226,-0.0388,1,1,0,0.2028,0,0,0.9955,0.85862,0.974,1.75,0.00072473,-0.911481,1.2252,1.66903,-0.050335,-0.803763,0.003,1.102,0.002,0.001,0.3,31.3,1.45,0.946667,0.673333,0,0,0,0,0,0,0,0,1,0,1,0.069148,-1.16,1.8,-0.74,-1.1,,1.8,1.8,-0.412927,0.3,1.01,-0.073228,-0.006878,,-1.42994,-0.21,0.6,-1.23,,0.00687821,,15.42,0.0732282,-1.42994,,0,3,SPX,2026-10-08T22:00:39.047425+00:00,,,,,,-0.0388,-0.039,,,,,,,,,,,,,,,,,,,,,,,,,,
0.146,-0.0243,0,1,0,1.32,1.51,45.5,,-0.14,0.0185,1,2,2,0.0185,0.0185,-0.5936,0.002733,-0.001659,12,0,0,0,1,1,1.4195,-0.0583,1,1,0,0.0868,0,0,0.9938,0.85862,0.974,1.75,0.00072473,-0.820416,1.05203,1.6265,-0.046161,-1.69839,-0.041,1.183,-0.028,0.012,0.3,45.5,1.51,0.98,0.78,0,0,0,0,0,0,0,0,1,0,1,-0.359149,-1.16,,-1.69,,,1.8,1.8,-0.412927,0.3,1.01,-0.073228,-0.006878,,-1.42994,,0.6,-1.23,,0.00687821,,15.42,0.0732282,-1.42994,,0,3,NQ,2026-10-08T22:00:39.047425+00:00,-1.23,-0.61,0.49,0.11,,-0.0583,-0.058,,,,,,,,,,,,,,,,,,,,,,,,,,
0.005,0.2284,0,0,1,0.7,1.04,18.7,,0.44,0.1726,1,2,1,0.1726,0.1828,1.2894,-0.002917,-0.002242,5,0,0,0,1,1,0.3578,0.3551,0,1,0,-0.313,0,0,0.9945,0.88258,-0.004,1.75,0.00026999,-0.003618,1.16157,-1.32052,0.152358,0.713791,0.381,0.298,0.266,0.089,0.251,18.7,1.04,0.56,0.28,0,0,0,0,0,0,0,0,0,0,0,0.678878,,,,,,1.8,-1.8,,,,,-0.006878,,,,,,,0.00687821,,15.42,0.0732282,-1.42994,,0,3,XAU,2026-10-08T22:00:39.047425+00:00,,,,,0.1726,0.3551,0.355,0.72,,0.37,,0.43,-0.3,-0.999112,1.8,0.059238,,,,,,,,,,,,,,,,,
-0.05,0.1437,0,0,1,0.98,0.87,31.2,,0.28,0.2741,1,2,1,0.2741,0.264,0.9654,0.007667,0.00043,6,0,0,0,1,1,0.2474,0.1874,0,1,0,-0.5389,0,0,0.9894,0.88258,-0.004,1.75,0.00026999,-0.003364,1.07657,-0.124788,-0.296495,0.415777,0.239,0.206,0.168,0.062,0.27,31.2,0.87,0.273333,0.58,0,0,0,0,0,0,0,0,1,0,0,0.236437,,,,,,1.8,,-0.412927,,,,-0.006878,,,,,,,0.00687821,,15.42,0.0732282,-1.42994,,0,3,XAG,2026-10-08T22:00:39.047425+00:00,,,,,0.2741,0.1874,0.187,,,0.37,,0.43,,,-1.8,,0.678878,-0,-0.059424,0.08,1.04343,,,,,,,,,,,,
-0.139,0.1268,0,0,1,1.18,1.26,44.9,,0.36,0.1621,1,2,2,0.1621,0.1621,0.791,0.00225,-0.002431,2,0,0,0,1,1,-0.35,0.0424,0,1,0,-0.5997,0,0,0.9949,0.8743,2.4343,1.75,0.00360467,-1.07096,0.48641,-0.510673,,1.72264,0.211,-0.292,0.148,-0.063,0.3,44.9,1.26,0.76,0.54,0,0,0,0,0,0,0,0,1,0,1,0.453756,,,,,,1.8,-1.8,-0.412927,0.3,,,-0.006878,,-1.42994,,,,,0.00687821,,15.42,0.0732282,-1.42994,,0,3,BTC,2026-10-08T22:00:39.047425+00:00,,,,,0.1621,,,,,,,,,,,,,,,,,0.874,0.2539,0.1835,0.1835,1,0.4,,0.39,0.47,1.8,,
0.142,0.0543,0,1,1,1.93,1.49,57.7,,0.6,0.3456,1,2,1,0.3456,0.3456,0.5644,0.018583,0.002497,1,0,0,0,1,1,0.6949,0.0484,0,1,0,-0.5789,0,0,0.9951,0.8743,2.4343,1.75,0.00360467,-0.889905,0.558271,-0.047368,,1.81236,0.091,0.579,0.063,0.027,0.3,57.7,1.49,0.9,0.733333,0,0,0,0,0,0,0,0,1,0,1,0.964252,,,,,,1.8,,-0.412927,0.3,,,-0.006878,,-1.42994,,,,,0.00687821,,15.42,0.0732282,-1.42994,,0,3,ETH,2026-10-08T22:00:39.047425+00:00,,,,,0.3456,,,,,,,,,,,,,,,,,0.874,0.2539,0.1835,0.1835,1,0.05,,0.83,0.99,,0.504174,-1.8
0.054,0.0063,0,0,1,0.91,1.27,24.4,0.491387,-0.03,0.0229,1,2,2,0.0229,0.0229,-0.3449,0.001075,-0.002715,2,0,0,0,0,1,1.117,0.047,0,1,0,0.0988,1,0,0.9938,0.84272,1.9763,1.75,0.00140331,-1.33618,0.259258,1.77073,-0.006766,-0.525264,0.011,0.931,0.007,0.003,0.3,24.4,1.27,0.78,0.58,0,0,0,0,0,0,0,0,1,0,1,0.095905,-1.26,1.8,0.08,-0.26,-0.15,0.58,1.8,-0.071385,0.29,1.01,-0.009924,0.363349,-1.17,-1.22697,-0.62,0.6,-1.23,0.491387,-0.363349,-1.17,15.42,0.0099237,-1.22697,0.18,0,3,SPX,2026-10-09T02:02:21.928632+00:00,,,,,,,,,,,,,,,,,,,,,,,,,,,,,,,,,
0.201,-0.0275,0,0,1,0.98,1.35,42.3,0.491387,-0.14,-0.0397,1,1,2,-0.0397,-0.0397,-0.5988,-0.0008,-0.000883,12,0,0,0,1,1,1.7815,0.0181,0,1,0,-0.1624,1,0,0.9941,0.84272,1.9763,1.75,0.00140331,-1.29721,0.181798,1.74294,-0.006351,-0.911609,-0.046,1.485,-0.032,0.014,0.3,42.3,1.35,0.886667,0.62,0,0,0,0,0,0,0,0,1,0,1,-0.255211,-1.26,,-0.97,,-0.15,0.58,1.8,-0.071385,0.29,1.01,-0.009924,0.363349,-1.17,-1.22697,,0.6,-1.23,0.491387,-0.363349,-1.17,15.42,0.0099237,-1.22697,0.18,0,3,NQ,2026-10-09T02:02:21.928632+00:00,-0.9,0.13,0.99,0.11,,,,,,,,,,,,,,,,,,,,,,,,,,,,,
0.698,0.1702,0,1,1,2,1.08,26.1,0.491387,0.42,-0.0583,1,2,3,-0.0583,-0.0524,1.1629,-0.01455,-0.002908,6,0,0,0,1,1,3.8595,0.3273,0,1,0,0.5128,1,1,0.9949,0.88766,-1.259,1.75,-0.00169217,-0.582352,0.414161,-1.31821,-0.668962,1.82541,0.284,3,0.199,0.085,0.3,26.1,1.08,0.653333,0.886667,0,0,0,0,0,0,0,0,1,0,0,1.8,,,,,,0.58,-1.8,,,,,0.363349,-1.17,,,,,0.491387,-0.363349,-1.17,15.42,0.0099237,-1.22697,0.18,0,3,XAU,2026-10-09T02:02:21.928632+00:00,,,,,-0.0583,0.3273,0.327,1.8,0.78,0.37,-0.18,0.43,-0.29,0.228534,1.55409,-1.54879,,,,,,,,,,,,,,,,,
0.944,0.1311,0,0,1,1.07,0.91,36.9,0.491387,0.46,0.0886,1,2,2,0.0886,0.0827,0.9348,-0.00315,-0.002704,7,0,0,0,1,1,3.4653,0.255,0,1,0,0.0594,0,0,0.9927,0.88766,-1.259,1.75,-0.00169217,-0.48437,0.382538,-0.021355,-0.313766,0.877851,0.218,2.888,0.153,0.066,0.3,36.9,0.91,0.346667,0.62,0,0,0,0,0,0,0,0,1,0,0,1.79359,,,,,,0.58,,-0.071385,,,,0.363349,-1.17,,,,,0.491387,-0.363349,-1.17,15.42,0.0099237,-1.22697,0.18,0,3,XAG,2026-10-09T02:02:21.928632+00:00,,,,,0.0886,0.255,0.255,,,0.37,-0.18,0.43,,,-1.55409,,1.8,-0.63,1.5632,0.08,1.42826,,,,,,,,,,,,
0.217,0.0397,0,0,1,1.19,1.08,46.8,0.491387,-0.15,-0.2614,1,1,2,-0.2614,-0.2932,0.3736,-0.021775,-0.006006,3,0,0,0,0,1,0.7064,0.1026,1,1,0,-0.3829,0,1,0.9968,0.8715,-0.6644,1.75,-0.00090561,-1.60882,0.041603,-0.36593,,0.542886,0.066,0.589,0.046,0.02,0.3,46.8,1.08,0.606667,0.553333,0,0,0,0,0,0,0,0,1,0,0,-0.052722,,,,,,0.58,-1.8,-0.071385,0.29,,,0.363349,-1.17,-1.22697,,,,0.491387,-0.363349,-1.17,15.42,0.0099237,-1.22697,0.18,0,3,BTC,2026-10-09T02:02:21.928632+00:00,,,,,-0.2614,0.1026,0.103,,,,-0.18,,,,,,,,,,,0.872,-0.3619,-0.2011,-0.1375,0.38,-0.03,-0.6,0.34,0.41,1.8,,
0.168,-0.0463,0,0,1,1.35,1.18,63,0.491387,-0.42,-0.4625,1,0,2,-0.4625,-0.4307,0.0872,-0.02515,-0.010933,1,0,0,0,0,1,0.6497,0.0056,1,1,0,-0.3992,0,1,0.997,0.8715,-0.6644,1.75,-0.00090561,-1.34995,0.051706,0.082014,,-1.3663,-0.077,0.541,-0.054,0.023,0.3,63,1.18,0.666667,0.606667,0,0,0,0,0,0,0,0,1,0,0,-0.658,,,,,,0.58,,-0.071385,0.29,,,0.363349,-1.17,-1.22697,,,,0.491387,-0.363349,-1.17,15.42,0.0099237,-1.22697,0.18,0,3,ETH,2026-10-09T02:02:21.928632+00:00,,,,,-0.4625,0.0056,0.006,,,,-0.18,,,,,,,,,,,0.872,-0.3619,-0.2011,-0.1375,0.38,-0.72,-1.31,0.73,0.87,,-0.05858,-1.8
0.099,0.1177,0,0,1,0.88,0.79,24.1,0.119122,0.28,0.3465,1,2,0,0.3465,0.3465,0.0352,0.018567,0.002915,3,0,0,0,0,1,1.4341,0.1903,1,1,0,0.0633,1,0,0.9938,0.83833,-0.2166,1.75,-0.00018842,0.026421,0.264825,1.99848,0.018099,0.135925,0.196,1.195,0.137,0.059,0.3,24.1,0.79,0.213333,0.513333,0,0,0,0,0,0,0,0,1,0,0,0.23797,-1.26,1.8,0.08,-0.25,-0.15,0.58,1.8,-0.071385,0.58,1.07,0.026787,0.010286,-1.17,1.42875,0.52,0.63,-1.23,0.119122,-0.010286,-1.17,15.25,-0.0267866,1.42875,0.18,0,3,SPX,2026-10-09T08:54:30.124394+00:00,,,,,,0.1903,0.19,,,,,,,,,,,,,,,,,,,,,,,,,,
0.107,0.0386,0,0,1,1.12,0.81,31.6,0.119122,0.09,0.1745,1,1,1,0.1745,0.1745,-0.3855,0.011017,0.001969,1,0,0,0,0,1,1.3812,0.0584,1,1,0,-0.0674,0,0,0.9938,0.83833,-0.2166,1.75,-0.00018842,-0.137353,0.190499,1.98864,0.016947,-0.782763,0.064,1.151,0.045,0.019,0.3,31.6,0.81,0.206667,0.62,0,0,0,0,0,0,0,0,1,0,0,0.381688,-1.26,,-0.97,,-0.15,0.58,1.8,-0.071385,0.58,1.07,0.026787,0.010286,-1.17,1.42875,,0.63,-1.23,0.119122,-0.010286,-1.17,15.25,-0.0267866,1.42875,0.18,0,3,NQ,2026-10-09T08:54:30.124394+00:00,-0.9,0.11,-0.11,0.09,,0.0584,0.058,,,,,,,,,,,,,,,,,,,,,,,,,,
-0.031,0.0511,0,0,1,0.8,0.85,54,0.119122,0.07,-0.2071,1,2,3,-0.2071,-0.1935,0.936,-0.01985,-0.000883,7,0,0,0,1,1,0.1945,0.0864,0,1,0,0.2272,0,0,0.9951,0.87501,1.0626,1.75,0.0018633,-0.79877,0.428648,-1.48224,-0.306464,0.961633,0.085,0.162,0.06,0.026,0.3,54,0.85,0.193333,0.293333,0,0,0,0,0,0,0,0,1,0,0,1.33685,,,,,,0.58,-1.8,,,,,0.010286,-1.17,,,,,0.119122,-0.010286,-1.17,15.25,-0.0267866,1.42875,0.18,0,3,XAU,2026-10-09T08:54:30.124394+00:00,,,,,-0.2071,0.0864,0.086,-0.38,1.01,0.37,-0.18,0.43,-0.58,0.819958,1.19795,-1.40651,,,,,,,,,,,,,,,,,
0.182,0.1275,0,0,0,0.71,0.69,56.3,0.119122,0.35,0.1338,1,2,2,0.1338,0.1202,0.9222,-0.0006,0.000425,8,0,0,0,1,1,1.224,0.2066,1,1,0,-0.058,0,0,0.9945,0.87501,1.0626,1.75,0.0018633,-0.669916,0.392044,-0.021725,-0.320353,1.29213,0.213,1.02,0.149,0.064,0.3,56.3,0.69,0,0.286667,0,0,0,0,0,0,0,0,1,0,-1,1.48711,,,,,,0.58,,-0.071385,,,,0.010286,-1.17,,,,,0.119122,-0.010286,-1.17,15.25,-0.0267866,1.42875,0.18,0,3,XAG,2026-10-09T08:54:30.124394+00:00,,,,,0.1338,0.2066,0.207,,,0.37,-0.18,0.43,,,-1.19795,,1.33685,0.53,1.42002,0.08,0.591388,,,,,,,,,,,,
0.096,0.0336,0,0,1,0.25,0.65,36.1,0.119122,-0.04,-0.0211,1,0,1,-0.0211,0.0212,0.3431,-0.001017,0.00346,4,0,0,0,0,1,0.982,0.0501,1,1,0,-0.3446,0,0,0.9984,0.87295,0.5716,1.75,0.00113271,0.130351,0.055252,-0.23802,,-0.060976,0.056,0.818,0.039,0.017,0.3,36.1,0.65,0.12,0.0466667,0,0,0,0,0,0,0,0,1,0,-1,0.108958,,,,,,0.58,-1.8,-0.071385,0.58,,,0.010286,-1.17,1.42875,,,,0.119122,-0.010286,-1.17,15.25,-0.0267866,1.42875,0.18,0,3,BTC,2026-10-09T08:54:30.124394+00:00,,,,,-0.0211,0.0501,0.05,,,,-0.18,,,,,,,,,,,0.873,0.1016,0.2453,0.1607,0.327,-0.69,-1.24,0.57,0.68,1.8,,
0.206,0.0284,0,0,1,0.46,0.63,50.8,0.119122,0.24,0.2242,1,1,0,0.2242,0.1819,0.4393,0.01245,0.006267,1,0,0,0,0,1,1.058,0.0414,1,1,0,-0.5022,1,1,0.9965,0.87295,0.5716,1.75,0.00113271,0.044533,0.061906,0.189453,,0.963422,0.047,0.882,0.033,0.014,0.3,50.8,0.63,0.113333,0.126667,0,0,0,0,0,0,0,0,1,0,-1,-0.20588,,,,,,0.58,,-0.071385,0.58,,,0.010286,-1.17,1.42875,,,,0.119122,-0.010286,-1.17,15.25,-0.0267866,1.42875,0.18,0,3,ETH,2026-10-09T08:54:30.124394+00:00,,,,,0.2242,0.0414,0.041,,,,-0.18,,,,,,,,,,,0.873,0.1016,0.2453,0.1607,0.327,0.18,-0.6,0.97,1.16,,0.121064,-1.8
0.032,0.0417,0,0,1,0.6,0.77,35.4,0.385241,-0.11,-0.1054,1,1,2,-0.1054,-0.1054,-0.2248,-0.0095,-0.003508,4,0,0,0,0,1,0.8753,0.0519,0,1,0,0.0484,0,0,0.994,0.82331,-0.2062,1.75,-0.00011333,-0.490926,0.015622,0.604318,-0.088495,-0.782747,0.07,0.729,0.049,0.021,0.3,35.4,0.77,0.26,0.28,0,0,0,0,0,0,0,0,1,0,0,0.10533,-1.8,1.02828,-0.99,0.21,-0.15,0.22,-1.36,0.411586,1.03,1.14,-0.130885,-0.489867,-1.17,1.22349,0.24,0.67,-1.23,0.385241,0.489867,-1.17,14.87,0.130885,1.22349,0.18,0,3,SPX,2026-10-09T16:06:59.917645+00:00,,,,,,0.0252,0.025,,,,,,,,,,,,,,,,,,,,,,,,,,
0.018,-0.0561,0,0,1,0.8,0.76,30.7,0.385241,-0.31,-0.2394,1,1,2,-0.2394,-0.2394,-0.6852,-0.011838,-0.002857,1,0,0,0,1,1,0.3662,-0.055,0,1,0,-0.3143,1,0,0.9956,0.82331,-0.2062,1.75,-0.00011333,-0.598867,-0.021585,0.847484,-0.082852,-1.89213,-0.093,0.305,-0.065,0.028,0.3,30.7,0.76,0.213333,0.353333,0,0,0,0,0,0,0,0,1,0,0,-0.777695,-1.8,,-1.39,,-0.15,0.22,-1.36,0.411586,1.03,1.14,-0.130885,-0.489867,-1.17,1.22349,,0.67,-1.23,0.385241,0.489867,-1.17,14.87,0.130885,1.22349,0.18,0,3,NQ,2026-10-09T16:06:59.917645+00:00,-1.8,1.8,-0.1,0.16,,-0.0283,-0.028,,,,,,,,,,,,,,,,,,,,,,,,,,
0.176,-0.0405,0,0,1,0.74,0.9,74.7,0.385241,-0.1,-0.2743,1,2,2,-0.2743,-0.2178,0.7592,-0.01145,0.00105,1,0,0,0,0,1,0.958,-0.0858,0,1,0,0.0819,0,0,0.9933,0.87314,0.5605,1.75,0.00093485,-1.06845,0.252735,0.026852,-1.66658,0.86877,-0.068,0.798,-0.047,0.02,0.3,74.7,0.9,0.32,0.293333,0,0,0,0,0,0,0,0,1,0,0,0.937875,,,,,,0.22,1.36,,,,,-0.489867,-1.17,,,,,0.385241,0.489867,-1.17,14.87,0.130885,1.22349,0.18,0,3,XAU,2026-10-09T16:06:59.917645+00:00,,,,,-0.2743,-0.0005,-0,-0.32,1.09,0.36,-0.18,0.43,-1.03,-0.533921,0.190413,-1.8,,,,,,,,,,,,,,,,,
0.303,0.1638,0,0,1,0.62,0.93,80.7,0.385241,0.6,0.2905,1,3,1,0.2905,0.234,0.967,0.004537,0.000642,9,0,0,0,1,1,0.8693,0.2554,1,1,0,-0.0526,0,0,0.9948,0.87314,0.5605,1.75,0.00093485,-0.942678,0.226847,0.127094,0.255873,1.80316,0.273,0.724,0.191,0.082,0.3,80.7,0.93,0.446667,0.24,0,0,0,0,0,0,0,0,1,0,0,1.8,,,,,,0.22,,0.411586,,,,-0.489867,-1.17,,,,,0.385241,0.489867,-1.17,14.87,0.130885,1.22349,0.18,0,3,XAG,2026-10-09T16:06:59.917645+00:00,,,,,0.2905,0.1701,0.17,,,0.36,-0.18,0.43,,,-0.190413,,0.937875,0.28,1.8,0.35,1.8,,,,,,,,,,,,
-0.175,0.0667,0,0,1,0.39,0.92,53.8,0.385241,0.12,0.1527,1,2,1,0.1527,0.1308,0.4977,0.004137,0.000644,5,0,0,0,0,1,-0.3337,0.0268,1,1,0,-0.3277,0,0,0.9986,0.87164,1.0324,1.75,0.00197041,-0.261515,-0.049948,0.90712,,0.224077,0.111,-0.278,0.078,-0.033,0.3,53.8,0.92,0.313333,0.0733333,0,0,0,0,0,0,0,0,1,0,0,0.179151,,,,,,0.22,1.36,0.411586,1.03,,,-0.489867,-1.17,1.22349,,,,0.385241,0.489867,-1.17,14.87,0.130885,1.22349,0.18,0,3,BTC,2026-10-09T16:06:59.917645+00:00,,,,,0.1527,0.0169,0.017,,,,-0.18,,,,,,,,,,,0.872,0.0479,-0.2095,-0.1657,0.59,-0.13,-0.69,0.36,0.43,0.6,,
-0.071,0.0069,0,0,1,0.55,0.75,44.7,0.385241,-0.06,-0.0568,1,1,2,-0.0568,-0.0349,0.3341,-0.002688,-0.001892,2,0,0,0,0,1,-0.1244,-0.013,0,1,0,-0.5784,1,1,0.9929,0.87164,1.0324,1.75,0.00197041,-0.339224,-0.056108,0.549573,,-0.470844,0.011,-0.104,0.008,-0.003,0.3,44.7,0.75,0.2,0.173333,0,0,0,0,0,0,0,0,1,0,-1,-0.004041,,,,,,0.22,,0.411586,1.03,,,-0.489867,-1.17,1.22349,,,,0.385241,0.489867,-1.17,14.87,0.130885,1.22349,0.18,0,3,ETH,2026-10-09T16:06:59.917645+00:00,,,,,-0.0568,-0.003,-0.003,,,,-0.18,,,,,,,,,,,0.872,0.0479,-0.2095,-0.1657,0.59,-0.59,-1.16,0.6,0.72,,0.199057,-0.592915
-0.057,0.0905,0,0,1,0.81,1,30.2,0.171161,0.11,0.246,1,2,2,0.246,0.246,-0.0548,0.0122,0.005425,5,0,0,0,0,1,-0.4884,0.0877,0,1,0,0.0866,1,0,0.994,0.79077,1.2668,1.75,0.00089468,-0.256269,2.33605,0.228225,-0.010591,-0.564676,0.151,-0.407,0.106,-0.045,0.3,30.2,1,0.486667,0.486667,0,0,0,0,0,0,0,0,1,0,0,0.535219,-1.8,1.02828,-1.07,0.78,1.29,1.72,-1.71,-0.033939,1,1.12,-0.015675,0.256575,-1.17,0.614399,-0.7,0.66,-1.23,0.171161,-0.256575,-1.17,14.79,0.015675,0.614399,-1.52,0,3,SPX,2026-10-09T20:50:16.640564+00:00,,,,,,0.0877,0.088,,,,,,,,,,,,,,,,,,,,,,,,,,
-0.002,0.0309,0,0,1,0.77,0.86,27.2,0.171161,0.22,0.3081,1,2,1,0.3081,0.3081,-0.3979,0.02175,0.008397,1,0,0,0,0,1,0.2122,0.0789,0,1,0,-0.2403,0,0,0.9922,0.79077,1.2668,1.75,0.00089468,-0.337161,2.25616,0.470323,-0.009914,-0.130017,0.052,0.177,0.036,0.015,0.3,27.2,0.86,0.32,0.313333,0,0,0,0,0,0,0,0,1,0,0,0.39777,-1.8,,-0.84,,1.29,1.72,-1.71,-0.033939,1,1.12,-0.015675,0.256575,-1.17,0.614399,,0.66,-1.23,0.171161,-0.256575,-1.17,14.79,0.015675,0.614399,-1.52,0,3,NQ,2026-10-09T20:50:16.640564+00:00,-1.01,1.8,0.63,0.18,,0.0789,0.079,,,,,,,,,,,,,,,,,,,,,,,,,,
-0.102,0.0896,0,0,1,1.03,0.87,62.3,0.171161,0.39,0.5032,1,3,2,0.5032,0.5048,0.9862,0.032525,0.010994,1,0,0,0,1,1,-0.4896,0.0905,0,1,0,0.0838,0,0,0.9966,0.87509,-1.4648,1.75,-0.00221777,-0.657634,3.13784,0.253307,-0.685582,0.863273,0.149,-0.408,0.105,-0.045,0.3,62.3,0.87,0.22,0.593333,0,0,0,0,0,0,0,0,1,0,0,0.946407,,,,,,1.72,1.71,,,,,0.256575,-1.17,,,,,0.171161,-0.256575,-1.17,14.79,0.015675,0.614399,-1.52,0,3,XAU,2026-10-09T20:50:16.640564+00:00,,,,,0.5032,0.0905,0.09,0.09,0.63,0.35,1.52,0.43,-1,0.04582,0.021758,-0.867809,,,,,,,,,,,,,,,,,
-0.392,0.254,0,0,1,0.87,0.98,74.9,0.171161,0.3,0.5435,1,2,2,0.5435,0.5419,1.0891,0.02255,0.004503,10,0,0,0,1,1,-1.019,0.1967,0,1,0,-0.2394,0,0,0.993,0.87509,-1.4648,1.75,-0.00221777,-0.568028,2.68726,-0.010508,-0.209704,0.853692,0.423,-0.849,0.296,-0.127,0.3,74.9,0.98,0.506667,0.44,0,0,0,0,0,0,0,0,1,0,0,0.586472,,,,,,1.72,,-0.033939,,,,0.256575,-1.17,,,,,0.171161,-0.256575,-1.17,14.79,0.015675,0.614399,-1.52,0,3,XAG,2026-10-09T20:50:16.640564+00:00,,,,,0.5435,0.1967,0.197,,,0.35,1.52,0.43,,,-0.021758,,0.946407,-0.73,0.871191,0.26,-0.761244,,,,,,,,,,,,
-0.158,0.2017,0,0,1,0.98,0.97,53,0.171161,0.62,0.656,1,3,1,0.656,0.6323,1.137,0.03375,0.007403,6,0,0,0,1,1,-0.928,0.1619,0,1,0,-0.6378,1,1,0.9966,0.8691,-0.3903,1.75,-0.00038763,-0.344688,1.47709,0.781931,,1.60892,0.336,-0.773,0.235,-0.101,0.3,53,0.97,0.386667,0.393333,0,0,0,0,0,0,0,0,1,0,0,-0.346964,,,,,,1.72,1.71,-0.033939,1,,,0.256575,-1.17,0.614399,,,,0.171161,-0.256575,-1.17,14.79,0.015675,0.614399,-1.52,0,3,BTC,2026-10-09T20:50:16.640564+00:00,,,,,0.656,0.1619,0.162,,,,1.52,,,,,,,,,,,0.869,0.5957,-0.1206,-0.0732,0.223,0.96,0.28,0.28,0.34,0.55,,
-0.274,0.1387,0,0,1,0.58,0.84,38.7,0.171161,0.51,0.5354,1,3,1,0.5354,0.5591,0.9605,0.03295,0.008909,3,0,0,0,1,1,-0.797,0.1199,1,1,0,-0.7484,1,1,0.9929,0.8691,-0.3903,1.75,-0.00038763,-0.302675,1.63823,0.362732,,1.28847,0.231,-0.664,0.162,-0.069,0.3,38.7,0.84,0.24,0.193333,0,0,0,0,0,0,0,0,1,0,0,-0.239477,,,,,,1.72,,-0.033939,1,,,0.256575,-1.17,0.614399,,,,0.171161,-0.256575,-1.17,14.79,0.015675,0.614399,-1.52,0,3,ETH,2026-10-09T20:50:16.640564+00:00,,,,,0.5354,0.1199,0.12,,,,1.52,,,,,,,,,,,0.869,0.5957,-0.1206,-0.0732,0.223,0.9,0.21,0.32,0.39,,-0.385515,-0.547345
0.06,0.1097,0,0,1,0.88,0.99,30.1,0.200691,0.1,0.1859,1,2,2,0.1859,0.1859,0.0119,0.0048,-0.00185,6,0,0,0,0,1,0.9541,0.2692,0,1,0,0.164,1,0,0.994,0.78766,-0.4932,1.75,-0.00027826,-0.356578,1.84935,0.409636,-0.011237,-0.582248,0.183,0.795,0.128,0.055,0.3,30.1,0.99,0.486667,0.56,0,0,0,0,0,0,0,0,1,0,0,0.409454,-1.6,0.689643,-0.82,0.59,1.29,1.01,-1.62,0.535018,0.91,1.12,-0.016642,0.273656,-1.17,0.428321,0.49,0.66,-1.72,0.200691,-0.273656,-1.17,14.84,0.0166417,0.428321,-1.52,0,3,SPX,2026-10-10T00:43:32.076990+00:00,,,,,,0.2692,0.269,,,,,,,,,,,,,,,,,,,,,,,,,,
0.037,0.0649,0,0,1,0.79,0.84,27.6,0.200691,0.09,0.2001,1,2,2,0.2001,0.2001,-0.2866,0.0085,-0.003312,2,0,0,0,0,1,0.3839,0.1945,0,1,0,-0.1969,0,0,0.9922,0.78766,-0.4932,1.75,-0.00027826,-0.422656,1.84807,0.668804,-0.010519,-0.622933,0.108,0.32,0.076,0.032,0.3,27.6,0.84,0.306667,0.333333,0,0,0,0,0,0,0,0,1,0,0,0.316138,-1.6,,-0.62,,1.29,1.01,-1.62,0.535018,0.91,1.12,-0.016642,0.273656,-1.17,0.428321,,0.66,-1.72,0.200691,-0.273656,-1.17,14.84,0.0166417,0.428321,-1.52,0,3,NQ,2026-10-10T00:43:32.076990+00:00,-0.79,1.8,-0.25,0.19,,0.1945,0.195,,,,,,,,,,,,,,,,,,,,,,,,,,
0.002,0.1247,0,0,1,1.19,0.84,55.6,0.200691,0.12,0.2467,1,3,2,0.2467,0.2641,1.0421,0.008775,-0.005937,2,0,0,0,1,1,0.1096,0.2057,0,1,0,0.4348,1,1,0.9966,0.85918,1.4048,1.75,0.00233629,-0.648011,2.52883,0.267581,-1.13318,0.412385,0.208,0.091,0.145,0.027,0.158,55.6,0.84,0.186667,0.686667,0,0,0,0,0,0,0,0,1,0,0,0.807423,,,,,,1.01,1.62,,,,,0.273656,-1.17,,,,,0.200691,-0.273656,-1.17,14.84,0.0166417,0.428321,-1.52,0,3,XAU,2026-10-10T00:43:32.076990+00:00,,,,,0.2467,0.2057,0.206,-0.69,0.51,0.35,1.52,0.13,-0.91,0.004871,-0.027536,-1.3643,,,,,,,,,,,,,,,,,
0.238,0.3365,0,1,1,1.62,0.99,71.3,0.200691,0.63,0.6815,1,2,1,0.6815,0.6641,1.2049,0.020625,-0.000481,11,0,0,0,1,1,0.7902,0.6472,0,1,0,0.2591,0,0,0.993,0.85918,1.4048,1.75,0.00233629,-0.559368,2.1417,0.166006,0.040618,1.66395,0.561,0.659,0.393,0.168,0.3,71.3,0.99,0.513333,0.793333,0,0,1,0,0,0,0,0,1,0,0,1.11737,,,,,,1.01,,0.535018,,,,0.273656,-1.17,,,,,0.200691,-0.273656,-1.17,14.84,0.0166417,0.428321,-1.52,0,3,XAG,2026-10-10T00:43:32.076990+00:00,,,,,0.6815,0.6472,0.647,,,0.35,1.52,0.13,,,0.027536,,0.807423,0.7,1.37306,0.27,0.083833,,,,,,,,,,,,
0.083,0.2028,0,0,0,0,0.98,42.9,0.200691,0.14,0.1689,1,2,2,0.1689,0.2071,1.1316,0.000275,-0.008369,7,0,0,0,1,1,0.2697,0.3904,0,1,0,-0.5406,0,0,0.9966,0.87005,-0.4378,1.75,-0.00041576,-0.463737,1.26737,0.976465,,-0.87406,0.338,0.225,0.237,0.067,0.222,42.9,0.976479,,,0,0,0,0,0,0,0,0,1,0,0,0.112234,,,,,,1.01,1.62,0.535018,0.91,,,0.273656,-1.17,0.428321,,,,0.200691,-0.273656,-1.17,14.84,0.0166417,0.428321,-1.52,0,3,BTC,2026-10-10T00:43:32.076990+00:00,,,,,0.1689,0.3904,0.39,,,,1.52,,,,,,,,,,,0.87,0.2694,0.2011,0.1246,0.25,-0.9,-1.38,0.45,0.55,0.67,,
0.025,0.1775,0,0,0,0,0.87,30.6,0.200691,0.35,0.37,1,3,1,0.37,0.3318,1.1383,0.0097,-0.005812,4,0,0,0,1,1,0.1594,0.3333,0,1,0,-0.6774,1,1,0.9929,0.87005,-0.4378,1.75,-0.00041576,-0.407935,1.40668,0.554884,,0.511009,0.296,0.133,0.207,0.04,0.161,30.6,0.8718,,,0,0,0,0,0,0,0,0,1,0,0,-0.081149,,,,,,1.01,,0.535018,0.91,,,0.273656,-1.17,0.428321,,,,0.200691,-0.273656,-1.17,14.84,0.0166417,0.428321,-1.52,0,3,ETH,2026-10-10T00:43:32.076990+00:00,,,,,0.37,0.3333,0.333,,,,1.52,,,,,,,,,,,0.87,0.2694,0.2011,0.1246,0.25,0.29,-0.32,0.36,0.44,,0.124704,-0.669272
0.06,0.1452,0,0,0,0,0.99,30.1,0.200691,0.13,0.227,1,2,2,0.227,0.227,0.1352,0.005917,0.000186,7,0,0,0,0,1,0.9541,0.3283,0,1,0,0.1404,1,0,0.994,0.78697,-1.1689,1.75,-0.00074185,-0.356581,1.97059,0.503827,-0.011244,-0.508394,0.242,0.795,0.169,0.073,0.3,30.1,0.994746,,,0,0,0,0,0,0,0,0,1,0,0,0.409454,-1.6,0.663893,-0.85,0.6,1.29,1.19,-1.46,0.535018,0.91,1.12,-0.016669,0.273656,-1.17,0.428321,0.72,0.66,-1.72,0.200691,-0.273656,-1.17,14.84,0.0166693,0.428321,-1.52,0,3,SPX,2026-10-10T06:58:39.298107+00:00,,,,,,0.3283,0.328,,,,,,,,,,,,,,,,,,,,,,,,,,
-0.01,0.1044,0,0,0,0,0.84,27.6,0.200691,0.08,0.1953,1,2,2,0.1953,0.1953,-0.1577,0.006583,-0.000319,3,0,0,0,0,1,-0.1398,0.1732,0,1,0,-0.2261,0,0,0.9922,0.78697,-1.1689,1.75,-0.00074185,-0.422408,1.94979,0.751356,-0.010525,-0.842408,0.174,-0.116,0.122,-0.035,0.223,27.6,0.836446,,,0,0,0,0,0,0,0,0,1,0,0,0.241769,-1.6,,-0.62,,1.29,1.19,-1.46,0.535018,0.91,1.12,-0.016669,0.273656,-1.17,0.428321,,0.66,-1.72,0.200691,-0.273656,-1.17,14.84,0.0166693,0.428321,-1.52,0,3,NQ,2026-10-10T06:58:39.298107+00:00,-0.79,1.8,-0.58,0.19,,0.1732,0.173,,,,,,,,,,,,,,,,,,,,,,,,,,
0.002,0.1678,0,0,0,0,0.84,55.6,0.200691,0.14,0.2667,1,2,2,0.2667,0.2667,1.1116,0.007183,-0.000265,3,0,0,0,1,1,0.1036,0.2545,0,1,0,0.4131,1,1,0.9966,0.85924,1.7609,1.75,0.00298329,-0.647657,2.61504,0.173789,-1.00136,0.404292,0.28,0.086,0.196,0.026,0.117,55.6,0.843673,,,0,0,0,0,0,0,0,0,1,0,0,0.805279,,,,,,1.19,1.46,,,,,0.273656,-1.17,,,,,0.200691,-0.273656,-1.17,14.84,0.0166693,0.428321,-1.52,0,3,XAU,2026-10-10T06:58:39.298107+00:00,,,,,0.2667,,,-0.7,0.5,0.35,1.52,0.13,-0.91,0.004889,0.248816,-1.33763,,,,,,,,,,,,,,,,,
0.238,0.4655,0,0,0,0,0.99,71.3,0.200691,0.85,0.7619,1,3,1,0.7619,0.7619,1.3888,0.0215,0.000146,12,0,0,0,1,1,0.7904,0.827,0,1,0,0.0602,0,0,0.993,0.85924,1.7609,1.75,0.00298329,-0.559237,2.22517,0.166588,0.291891,1.73873,0.776,0.659,0.543,0.198,0.267,71.3,0.989779,,,0,0,1,0,0,0,0,0,1,0,0,1.11737,,,,,,1.19,,0.535018,,,,0.273656,-1.17,,,,,0.200691,-0.273656,-1.17,14.84,0.0166693,0.428321,-1.52,0,3,XAG,2026-10-10T06:58:39.298107+00:00,,,,,0.7619,,,,,0.35,1.52,0.13,,,-0.248816,,0.805279,0.88,1.34965,0.27,1.8,,,,,,,,,,,,
0.189,0.1359,0,0,0,0.31,0.55,18.7,0.200691,-0.07,-0.0509,1,2,2,-0.0509,-0.0179,0.8025,-0.01115,-0.001904,8,0,0,0,1,1,0.5057,0.3128,1,1,0,-0.3331,0,0,0.993,0.86973,-0.6925,1.75,-0.00071649,-0.497811,1.34378,0.952395,,-2.07429,0.227,0.421,0.159,0.068,0.3,18.7,0.55,0.00666667,0.06,0,0,0,0,0,0,0,0,0,0,-1,0.253783,,,,,,1.19,1.46,0.535018,0.91,,,0.273656,-1.17,0.428321,,,,0.200691,-0.273656,-1.17,14.84,0.0166693,0.428321,-1.52,0,3,BTC,2026-10-10T06:58:39.298107+00:00,,,,,-0.0509,0.3128,0.313,,,,1.52,,,,,,,,,,,0.87,0.0568,0.2154,0.1495,0.396,-1.42,-1.78,0.27,0.33,0.21,,
0.134,0.1636,0,0,0,0.39,0.59,13.2,0.200691,0.11,0.1645,1,2,2,0.1645,0.1315,1.0613,-0.002317,-0.002003,5,0,0,0,1,1,0.4018,0.359,1,1,0,-0.4457,0,0,0.9893,0.86973,-0.6925,1.75,-0.00071649,-0.455196,1.49442,0.566849,,-0.674202,0.273,0.335,0.191,0.082,0.3,13.2,0.59,0.02,0.106667,0,0,0,0,0,0,0,0,0,0,-1,0.124304,,,,,,1.19,,0.535018,0.91,,,0.273656,-1.17,0.428321,,,,0.200691,-0.273656,-1.17,14.84,0.0166693,0.428321,-1.52,0,3,ETH,2026-10-10T06:58:39.298107+00:00,,,,,0.1645,0.359,0.359,,,,1.52,,,,,,,,,,,0.87,0.0568,0.2154,0.1495,0.396,-0.7,-1.22,0.48,0.57,,0.281981,-0.208118
-0.016,0.149,0,0,0,0,1,30.1,0.200691,0.05,0.1572,1,2,2,0.1572,0.1572,0.1476,0.000543,-0.000768,8,0,0,0,0,1,-0.3572,0.1857,0,1,0,0.1109,1,0,0.994,0.78867,0.3347,1.75,0.00026103,-0.356585,1.96867,0.504759,-0.027665,-0.982336,0.248,-0.298,0.174,-0.074,0.3,30.1,0.996566,,,0,0,0,0,0,0,0,0,1,0,0,0.260546,-1.6,0.759103,-0.85,0.6,1.29,1.19,-1.46,0.535018,0.91,1.12,-0.041054,0.273656,-1.17,0.428321,-0.18,0.66,-1.72,0.200691,-0.273656,-1.17,14.84,0.0410537,0.428321,-1.52,0,3,SPX,2026-10-10T13:34:23.524674+00:00,,,,,,0.1857,0.186,,,,,,,,,,,,,,,,,,,,,,,,,,
-0.01,0.1472,0,0,0,0,0.84,27.6,0.200691,0.13,0.2395,1,2,2,0.2395,0.2395,-0.0176,0.006114,-6.7e-05,4,0,0,0,0,1,-0.1398,0.2231,0,1,0,-0.2261,0,0,0.9922,0.78867,0.3347,1.75,0.00026103,-0.422145,1.9482,0.751775,-0.025892,-0.504031,0.245,-0.116,0.172,-0.035,0.169,27.6,0.836446,,,0,0,0,0,0,0,0,0,1,0,0,0.241769,-1.6,,-0.62,,1.29,1.19,-1.46,0.535018,0.91,1.12,-0.041054,0.273656,-1.17,0.428321,,0.66,-1.72,0.200691,-0.273656,-1.17,14.84,0.0410537,0.428321,-1.52,0,3,NQ,2026-10-10T13:34:23.524674+00:00,-0.79,1.8,0.17,0.19,,0.2231,0.223,,,,,,,,,,,,,,,,,,,,,,,,,,
-0.092,0.1776,0,0,0,0,0.86,55.3,0.200691,0.04,0.1988,1,1,2,0.1988,0.1988,1.1142,0.0014,-0.000826,4,0,0,0,1,1,-0.6988,0.1512,0,1,0,0.3815,1,1,0.9966,0.85819,1.9532,1.75,0.00320514,-0.647281,2.61296,0.173393,-1.14597,0.158615,0.296,-0.582,0.207,-0.089,0.3,55.3,0.858375,,,0,0,0,0,0,0,0,0,1,0,0,0.629419,,,,,,1.19,1.46,,,,,0.273656,-1.17,,,,,0.200691,-0.273656,-1.17,14.84,0.0410537,0.428321,-1.52,0,3,XAU,2026-10-10T13:34:23.524674+00:00,,,,,0.1988,,,-1.04,0.44,0.35,1.52,0.13,-0.91,-0.201566,0.152477,-1.34912,,,,,,,,,,,,,,,,,
0.136,0.5508,0,0,0,0,0.99,71.3,0.200691,0.77,0.735,1,3,1,0.735,0.735,1.493,0.012186,-0.001331,12,0,0,0,1,1,0.4792,0.8487,0,1,0,0.0334,0,0,0.993,0.85819,1.9532,1.75,0.00320514,-0.559097,2.22552,0.167206,0.228036,1.66782,0.918,0.399,0.643,0.12,0.157,71.3,0.989779,,,0,0,1,0,0,0,0,0,1,0,0,0.964455,,,,,,1.19,,0.535018,,,,0.273656,-1.17,,,,,0.200691,-0.273656,-1.17,14.84,0.0410537,0.428321,-1.52,0,3,XAG,2026-10-10T13:34:23.524674+00:00,,,,,0.735,,,,,0.35,1.52,0.13,,,-0.152477,,0.629419,0.98,1.3577,0.27,1.28544,,,,,,,,,,,,
-0.077,0.2589,0,0,0,0.31,0.45,28.5,0.200691,0.5,0.5351,1,3,1,0.5351,0.5241,1.3815,0.017571,0.004103,9,0,0,0,1,1,-0.1081,0.3614,0,1,0,-0.3784,0,1,0.993,0.86921,0.6356,1.75,0.00094377,-0.50243,1.34762,0.955765,,1.10463,0.432,-0.09,0.302,-0.027,0.082,28.5,0.45,0.0133333,0.0733333,0,0,0,0,0,0,0,0,1,0,-1,-0.087798,,,,,,1.19,1.46,0.535018,0.91,,,0.273656,-1.17,0.428321,,,,0.200691,-0.273656,-1.17,14.84,0.0410537,0.428321,-1.52,0,3,BTC,2026-10-10T13:34:23.524674+00:00,,,,,0.5351,0.3614,0.361,,,,1.52,,,,,,,,,,,0.869,0.501,-0.0682,-0.0462,0.363,0.6,-0.06,0.36,0.43,-0.04,,
-0.031,0.2631,0,0,0,0.16,0.44,23.5,0.200691,0.45,0.4669,1,3,1,0.4669,0.4779,1.522,0.014214,0.002362,6,0,0,0,1,1,-0.0753,0.3745,0,1,0,-0.4725,1,1,0.9891,0.86921,0.6356,1.75,0.00094377,-0.459541,1.497,0.569238,,1.04151,0.439,-0.063,0.307,-0.019,0.058,23.5,0.44,0,0.0133333,0,0,0,0,0,0,0,0,1,0,-1,-0.001134,,,,,,1.19,,0.535018,0.91,,,0.273656,-1.17,0.428321,,,,0.200691,-0.273656,-1.17,14.84,0.0410537,0.428321,-1.52,0,3,ETH,2026-10-10T13:34:23.524674+00:00,,,,,0.4669,0.3745,0.374,,,,1.52,,,,,,,,,,,0.869,0.501,-0.0682,-0.0462,0.363,0.48,-0.16,0.35,0.42,,-0.097553,0.040719
-0.019,0.1526,0,0,0,0,1,30.1,0.199992,0.06,0.1635,1,2,2,0.1635,0.1635,0.1592,0.00072,3.5e-05,9,0,0,0,0,1,-0.3987,0.2044,0,1,0,0.1115,1,0,0.994,0.78911,0.4122,1.75,0.00029707,-0.354445,1.96722,0.558369,-0.027699,-0.992775,0.254,-0.332,0.178,-0.076,0.3,30.1,0.996147,,,0,0,0,0,0,0,0,0,1,0,0,0.266511,-1.6,0.759103,-0.85,0.6,1.29,1.19,-1.46,0.698322,0.91,1.12,-0.041136,0.273656,-1.17,0.431817,-0.22,0.66,-1.72,0.199992,-0.273656,-1.17,14.84,0.0411364,0.431817,-1.52,0,3,SPX,2026-10-10T18:29:14.951390+00:00,,,,,,0.2044,0.204,,,,,,,,,,,,,,,,,,,,,,,,,,
-0.011,0.1727,0,0,0,0,0.84,27.6,0.199992,0.14,0.2505,1,2,2,0.2505,0.2505,0.066,0.0051,-0.000203,5,0,0,0,0,1,-0.1445,0.268,0,1,0,-0.2259,0,0,0.9922,0.78911,0.4122,1.75,0.00029707,-0.420087,1.94701,0.812934,-0.025921,-0.486375,0.288,-0.12,0.201,-0.036,0.152,27.6,0.836446,,,0,0,0,0,0,0,0,0,1,0,0,0.24339,-1.6,,-0.62,,1.29,1.19,-1.46,0.698322,0.91,1.12,-0.041136,0.273656,-1.17,0.431817,,0.66,-1.72,0.199992,-0.273656,-1.17,14.84,0.0411364,0.431817,-1.52,0,3,NQ,2026-10-10T18:29:14.951390+00:00,-0.79,1.8,0.21,0.19,,0.268,0.268,,,,,,,,,,,,,,,,,,,,,,,,,,
-0.092,0.1843,0,0,0,0,0.86,55.3,0.199992,0.04,0.2049,1,1,2,0.2049,0.2049,1.1086,0.00134,-1.2e-05,5,0,0,0,1,1,-0.7061,0.1557,0,1,0,0.3815,1,1,0.9966,0.85944,1.9824,1.75,0.00320442,-0.646999,2.6114,0.173097,-1.11404,0.163655,0.307,-0.588,0.215,-0.092,0.3,55.3,0.858375,,,0,0,0,0,0,0,0,0,1,0,0,0.629419,,,,,,1.19,1.46,,,,,0.273656,-1.17,,,,,0.199992,-0.273656,-1.17,14.84,0.0411364,0.431817,-1.52,0,3,XAU,2026-10-10T18:29:14.951390+00:00,,,,,0.2049,,,-1.03,0.44,0.35,1.52,0.13,-0.91,-0.200626,0.152477,-1.31211,,,,,,,,,,,,,,,,,
0.136,0.5983,0,0,0,0,0.99,71.3,0.199992,0.78,0.7429,1,4,1,0.7429,0.7429,1.5303,0.0095,-0.000537,12,0,0,0,1,1,0.4799,0.9207,0,1,0,0.0325,0,0,0.993,0.85944,1.9824,1.75,0.00320442,-0.558992,2.22578,0.218846,0.216039,1.66986,0.997,0.4,0.698,0.12,0.147,71.3,0.989779,,,1,1,1,0,1,1,0,1,1,0,0,0.964455,,,,,,1.19,,0.698322,,,,0.273656,-1.17,,,,,0.199992,-0.273656,-1.17,14.84,0.0411364,0.431817,-1.52,0,3,XAG,2026-10-10T18:29:14.951390+00:00,,,,,0.7429,,,,,0.35,1.52,0.13,,,-0.152477,,0.629419,0.99,1.32384,0.27,1.2334,,,,,,,,,,,,
0.104,0.3012,0,0,1,0.28,0.63,38.7,0.199992,0.47,0.5063,1,3,1,0.5063,0.4302,1.5538,0.00846,-0.001822,10,0,0,0,1,1,0.7895,0.6047,0,1,0,-0.259,0,0,0.9927,0.8773,-0.1734,1.75,-1.084e-05,-0.499981,1.34745,1.03096,,0.871433,0.502,0.658,0.351,0.151,0.3,38.7,0.63,0.106667,0.0533333,0,0,1,0,0,0,0,0,1,0,-1,0.335809,,,,,,1.19,1.46,0.698322,0.91,,,0.273656,-1.17,0.431817,,,,0.199992,-0.273656,-1.17,14.84,0.0411364,0.431817,-1.52,0,3,BTC,2026-10-10T18:29:14.951390+00:00,,,,,0.5063,0.6047,0.605,,,,1.52,,,,,,,,,,,0.877,0.3439,-0.3248,-0.1726,0.099,0.17,-0.48,0.56,0.67,-0.23,,
0.106,0.2618,0,0,1,0.15,0.72,39.4,0.199992,0.12,0.1815,1,2,2,0.1815,0.2576,1.4804,-0.00026,-0.002895,7,0,0,0,1,1,0.6493,0.539,0,1,0,-0.2506,0,0,0.9873,0.8773,-0.1734,1.75,-1.084e-05,-0.457526,1.49631,0.637118,,-0.646415,0.436,0.541,0.305,0.131,0.3,39.4,0.72,0.173333,0.00666667,0,0,1,0,0,0,0,0,1,0,-1,0.381805,,,,,,1.19,,0.698322,0.91,,,0.273656,-1.17,0.431817,,,,0.199992,-0.273656,-1.17,14.84,0.0411364,0.431817,-1.52,0,3,ETH,2026-10-10T18:29:14.951390+00:00,,,,,0.1815,0.539,0.539,,,,1.52,,,,,,,,,,,0.877,0.3439,-0.3248,-0.1726,0.099,-0.95,-1.46,0.55,0.66,,0.373122,0.229832
-0.019,0.1545,0,0,0,0,1,30.1,0.200691,0.06,0.1621,1,2,2,0.1621,0.1621,0.1651,0.000475,-6.1e-05,10,0,0,0,0,1,-0.3997,0.2057,0,1,0,0.1109,1,0,0.994,0.78829,0.4186,1.75,0.00030437,-0.35659,1.96606,0.559023,-0.027626,-0.999875,0.258,-0.333,0.18,-0.077,0.3,30.1,0.996147,,,0,0,0,0,0,0,0,0,1,0,0,0.260546,-1.6,0.759459,-0.85,0.6,1.29,1.19,-1.46,0.698322,0.91,1.12,-0.041054,0.273656,-1.17,0.428321,-0.22,0.66,-1.72,0.200691,-0.273656,-1.17,14.84,0.0410537,0.428321,-1.52,0,3,SPX,2026-10-10T22:26:41.724706+00:00,,,,,,0.2057,0.206,,,,,,,,,,,,,,,,,,,,,,,,,,
-0.01,0.1885,0,0,0,0,0.84,27.6,0.200691,0.14,0.2497,1,2,2,0.2497,0.2497,0.1176,0.00395,-0.000287,6,0,0,0,0,1,-0.1398,0.2876,0,1,0,-0.2261,0,0,0.9922,0.78829,0.4186,1.75,0.00030437,-0.42179,1.94605,0.813238,-0.025851,-0.48945,0.314,-0.116,0.22,-0.035,0.137,27.6,0.836446,,,0,0,0,0,0,0,0,0,1,0,0,0.241769,-1.6,,-0.62,,1.29,1.19,-1.46,0.698322,0.91,1.12,-0.041054,0.273656,-1.17,0.428321,,0.66,-1.72,0.200691,-0.273656,-1.17,14.84,0.0410537,0.428321,-1.52,0,3,NQ,2026-10-10T22:26:41.724706+00:00,-0.79,1.8,0.21,0.19,,0.2876,0.288,,,,,,,,,,,,,,,,,,,,,,,,,,
-0.092,0.1881,0,0,0,0,0.86,55.3,0.200691,0.04,0.2025,1,1,2,0.2025,0.2025,1.1029,0.00095,-9.7e-05,6,0,0,0,1,1,-0.6988,0.1582,0,1,0,0.3815,1,1,0.9966,0.8579,1.9543,1.75,0.00320578,-0.646772,2.61015,0.172858,-1.1223,0.159604,0.314,-0.582,0.219,-0.094,0.3,55.3,0.858375,,,0,0,0,0,0,0,0,0,1,0,0,0.629419,,,,,,1.19,1.46,,,,,0.273656,-1.17,,,,,0.200691,-0.273656,-1.17,14.84,0.0410537,0.428321,-1.52,0,3,XAU,2026-10-10T22:26:41.724706+00:00,,,,,0.2025,,,-1.04,0.44,0.35,1.52,0.13,-0.91,-0.201566,0.152477,-1.32265,,,,,,,,,,,,,,,,,
0.136,0.6278,0,0,0,0,0.99,71.3,0.200691,0.78,0.7428,1,4,1,0.7428,0.7428,1.5484,0.007375,-0.000531,12,0,0,0,1,1,0.4792,0.9549,0,1,0,0.0325,0,0,0.993,0.8579,1.9543,1.75,0.00320578,-0.558908,2.22599,0.219333,0.217261,1.66883,1.046,0.399,0.732,0.12,0.141,71.3,0.989779,,,1,1,1,0,1,1,0,1,1,0,0,0.964455,,,,,,1.19,,0.698322,,,,0.273656,-1.17,,,,,0.200691,-0.273656,-1.17,14.84,0.0410537,0.428321,-1.52,0,3,XAG,2026-10-10T22:26:41.724706+00:00,,,,,0.7428,,,,,0.35,1.52,0.13,,,-0.152477,,0.629419,0.98,1.33444,0.27,1.2334,,,,,,,,,,,,
0.019,0.3696,0,0,1,0.23,0.7,48.6,0.200691,0.6,0.6631,1,3,1,0.6631,0.6358,1.8492,0.0171,0.00216,11,0,0,0,1,1,0.232,0.5919,0,1,0,-0.3086,0,0,0.9908,0.87354,0.4182,1.75,0.00060382,-0.51281,1.3549,1.03742,,1.73703,0.616,0.193,0.431,0.058,0.119,48.6,0.7,0.18,0.0266667,0,0,1,0,0,0,0,0,1,0,-1,0.089895,,,,,,1.19,1.46,0.698322,0.91,,,0.273656,-1.17,0.428321,,,,0.200691,-0.273656,-1.17,14.84,0.0410537,0.428321,-1.52,0,3,BTC,2026-10-10T22:26:41.724706+00:00,,,,,0.6631,0.5919,0.592,,,,1.52,,,,,,,,,,,0.874,0.5933,-0.1396,-0.0851,0.239,0.72,-0.05,0.67,0.8,-0.51,,
0.063,0.3208,0,0,1,0.47,0.95,51.5,0.200691,0.46,0.5235,1,3,1,0.5235,0.5508,1.7337,0.01475,0.003753,8,0,0,0,1,1,0.4507,0.5896,1,1,0,-0.269,0,0,0.9893,0.87354,0.4182,1.75,0.00060382,-0.478062,1.50787,0.644811,,1.31383,0.535,0.376,0.374,0.113,0.231,51.5,0.95,0.473333,0.233333,0,0,0,0,0,0,0,0,1,0,0,0.247216,,,,,,1.19,,0.698322,0.91,,,0.273656,-1.17,0.428321,,,,0.200691,-0.273656,-1.17,14.84,0.0410537,0.428321,-1.52,0,3,ETH,2026-10-10T22:26:41.724706+00:00,,,,,0.5235,0.5896,0.59,,,,1.52,,,,,,,,,,,0.874,0.5933,-0.1396,-0.0851,0.239,0.12,-0.57,0.66,0.8,,0.099884,0.514744
-0.019,0.1559,0,0,0,0,1,30.1,0.200691,0.06,0.162,1,2,2,0.162,0.162,0.1693,0.000467,-3e-06,11,0,0,0,0,1,-0.3997,0.2066,0,1,0,0.1109,1,0,0.994,0.78758,0.4334,1.75,0.00031215,-0.356593,1.96506,0.559581,-0.027593,-1.00071,0.26,-0.333,0.182,-0.078,0.3,30.1,0.996147,,,0,0,0,0,0,0,0,0,1,0,0,0.260546,-1.6,0.759459,-0.85,0.6,1.29,1.19,-1.46,0.698322,0.91,1.12,-0.041026,0.273656,-1.17,0.428321,-0.22,0.66,-1.72,0.200691,-0.273656,-1.17,14.84,0.0410261,0.428321,-1.52,0,3,SPX,2026-10-11T01:48:37.883704+00:00,,,,,,0.2066,0.207,,,,,,,,,,,,,,,,,,,,,,,,,,
-0.01,0.1994,0,0,0,0,0.84,27.6,0.200691,0.14,0.2503,1,2,2,0.2503,0.2503,0.1532,0.003633,-0.000106,7,0,0,0,0,1,-0.1351,0.3015,0,1,0,-0.2259,0,0,0.9922,0.78758,0.4334,1.75,0.00031215,-0.421655,1.94523,0.813498,-0.025818,-0.484816,0.332,-0.113,0.233,-0.034,0.127,27.6,0.836229,,,0,0,0,0,0,0,0,0,1,0,0,0.24339,-1.6,,-0.62,,1.29,1.19,-1.46,0.698322,0.91,1.12,-0.041026,0.273656,-1.17,0.428321,,0.66,-1.72,0.200691,-0.273656,-1.17,14.84,0.0410261,0.428321,-1.52,0,3,NQ,2026-10-11T01:48:37.883704+00:00,-0.79,1.8,0.22,0.19,,0.3015,0.301,,,,,,,,,,,,,,,,,,,,,,,,,,
-0.092,0.1906,0,0,0,0,0.86,55.3,0.200691,0.04,0.2024,1,1,2,0.2024,0.2024,1.0975,0.000833,-3.9e-05,7,0,0,0,1,1,-0.6988,0.1599,0,1,0,0.3815,1,1,0.9966,0.8579,1.9619,1.75,0.00320292,-0.646579,2.60907,0.172654,-1.12157,0.15998,0.318,-0.582,0.222,-0.095,0.3,55.3,0.858375,,,0,0,0,0,0,0,0,0,1,0,0,0.629419,,,,,,1.19,1.46,,,,,0.273656,-1.17,,,,,0.200691,-0.273656,-1.17,14.84,0.0410261,0.428321,-1.52,0,3,XAU,2026-10-11T01:48:37.883704+00:00,,,,,0.2024,,,-1.04,0.44,0.35,1.52,0.13,-0.91,-0.201566,0.152477,-1.32265,,,,,,,,,,,,,,,,,
0.136,0.6482,0,0,0,0,0.99,71.3,0.200691,0.78,0.7432,1,4,1,0.7432,0.7432,1.5572,0.0068,-0.000192,12,0,0,0,1,1,0.4792,0.9787,0,1,0,0.0325,0,0,0.993,0.8579,1.9619,1.75,0.00320292,-0.558835,2.22618,0.219749,0.218305,1.67036,1.08,0.399,0.756,0.12,0.137,71.3,0.989779,,,1,1,1,0,1,1,0,1,1,0,0,0.964455,,,,,,1.19,,0.698322,,,,0.273656,-1.17,,,,,0.200691,-0.273656,-1.17,14.84,0.0410261,0.428321,-1.52,0,3,XAG,2026-10-11T01:48:37.883704+00:00,,,,,0.7432,,,,,0.35,1.52,0.13,,,-0.152477,,0.629419,0.98,1.33444,0.27,1.2334,,,,,,,,,,,,
-0.141,0.4351,0,0,1,0.5,0.78,49.2,0.200691,0.72,0.7597,1,3,1,0.7597,0.7403,2.1217,0.021833,0.001578,12,0,0,0,1,1,-0.7232,0.4295,0,1,0,-0.0621,0,0,0.9908,0.87347,0.2534,1.75,0.00042308,-0.510543,1.35492,1.03807,,2.25857,0.725,-0.603,0.508,-0.181,0.263,49.2,0.78,0.22,0.24,0,0,0,0,0,0,0,0,1,0,-1,-0.02551,,,,,,1.19,1.46,0.698322,0.91,,,0.273656,-1.17,0.428321,,,,0.200691,-0.273656,-1.17,14.84,0.0410261,0.428321,-1.52,0,3,BTC,2026-10-11T01:48:37.883704+00:00,,,,,0.7597,0.4295,0.429,,,,1.52,,,,,,,,,,,0.873,0.7156,-0.0883,-0.0496,0.145,1.15,0.36,0.53,0.64,-0.16,,
-0.162,0.3862,0,0,1,0.57,1.04,51.1,0.200691,0.61,0.6714,1,3,1,0.6714,0.6908,2.0103,0.0218,0.00235,9,0,0,0,1,1,-1.0226,0.3601,0,1,0,-0.372,0,1,0.9893,0.87347,0.2534,1.75,0.00042308,-0.47869,1.50904,0.646585,,2.15736,0.644,-0.852,0.451,-0.193,0.3,51.1,1.04,0.56,0.32,0,0,0,0,0,0,0,0,1,0,0,-0.103232,,,,,,1.19,,0.698322,0.91,,,0.273656,-1.17,0.428321,,,,0.200691,-0.273656,-1.17,14.84,0.0410261,0.428321,-1.52,0,3,ETH,2026-10-11T01:48:37.883704+00:00,,,,,0.6714,0.3601,0.36,,,,1.52,,,,,,,,,,,0.873,0.7156,-0.0883,-0.0496,0.145,0.71,-0.09,0.78,0.94,,-0.028345,0.163919
