timestamp,active_regime_id,market_regime,pair_residual_z,pair_beta_gold,pair_beta_copper,memory_pending,memory_settled,anomaly_score,current_vix
2026-09-21T19:20:24.582570+00:00,REJIMSIZ_GECIS,⚪ [REJİMSİZ GEÇİŞ] Rejimsiz Geçiş / Makro Denge,0.4029,1.192055,0.31648,6,0,0.12365896839291521,15.050000190734863
2026-09-21T22:43:26.588350+00:00,3,⚡ [REJİM 3] Reel Faiz Şoku,0.2529,1.194621,0.313942,12,0,1.1762913355642965,14.859999656677246
2026-09-22T01:26:38.239441+00:00,3,⚡ [REJİM 3] Reel Faiz Şoku,1.1989,1.204688,0.284695,14,4,1.170676141973602,14.859999656677246
2026-09-22T06:37:22.088331+00:00,3,⚡ [REJİM 3] Reel Faiz Şoku,-0.697,1.235494,0.290243,12,12,1.1826091713105107,14.859999656677246
2026-09-22T06:55:41.317190+00:00,3,⚡ [REJİM 3] Reel Faiz Şoku,-0.8275,1.236716,0.28648,0,2,12,18,1.1829024522376956,14.859999656677246
2026-09-22T09:47:25.025848+00:00,3,⚡ [REJİM 3] Reel Faiz Şoku,-0.2435,1.258689,0.288782,0,0,18,18,1.1788393521130547,14.859999656677246
2026-09-22T09:48:43.835986+00:00,3,⚡ [REJİM 3] Reel Faiz Şoku,-0.0908,1.255137,0.291862,0,0,24,18,1.1768311694642297,14.859999656677246
2026-09-22T12:21:33.518006+00:00,3,⚡ [REJİM 3] Reel Faiz Şoku,0.0848,1.219595,0.312536,1,1,18,30,1.2530109805305192,14.6899995803833
2026-09-22T19:38:11.600774+00:00,3,⚡ [REJİM 3] Reel Faiz Şoku,0.6595,1.208327,0.409316,1,0,6,48,1.210759120524325,14.199999809265137
2026-09-22T20:21:42.547826+00:00,3,⚡ [REJİM 3] Reel Faiz Şoku,-0.2654,1.214397,0.417041,3,0,12,48,0.3393371919707285,14.270000457763672
2026-09-22T23:08:35.373577+00:00,3,⚡ [REJİM 3] Reel Faiz Şoku,1.172,1.227286,0.400708,0,0,18,48,0.27272237278282563,14.210000038146973
2026-09-23T01:38:39.341398+00:00,3,⚡ [REJİM 3] Reel Faiz Şoku,-1.7565,1.26172,0.380015,0,0,12,60,0.35767430333808914,14.210000038146973
2026-09-23T07:21:42.114761+00:00,3,⚡ [REJİM 3] Reel Faiz Şoku,-2.2072,1.257597,0.461142,1,0,6,72,0.3007446194488954,14.210000038146973
2026-09-23T18:29:18.354700+00:00,3,⚡ [REJİM 3] Reel Faiz Şoku,0.3564,1.402901,0.289404,0,2,6,78,0.19982327144528006,15.039999961853027
2026-09-23T18:31:21.057491+00:00,3,⚡ [REJİM 3] Reel Faiz Şoku,0.4045,1.402793,0.288528,0,2,12,78,0.20797424406222909,15.0
2026-09-23T21:06:22.183232+00:00,3,⚡ [REJİM 3] Reel Faiz Şoku,-0.5573,1.416866,0.264567,0,1,18,78,0.36216991949607774,15.170000076293945
2026-09-23T23:51:42.612963+00:00,3,⚡ [REJİM 3] Reel Faiz Şoku,-0.0219,1.414379,0.271769,2,0,12,90,0.135309421949112,15.170000076293945
2026-09-24T03:13:49.767582+00:00,3,⚡ [REJİM 3] Reel Faiz Şoku,0.4622,1.40124,0.302649,1,1,12,96,0.13529411764705884,15.170000076293945
2026-09-24T08:39:35.448988+00:00,3,⚡ [REJİM 3] Reel Faiz Şoku,-0.3572,1.383893,0.237277,0,5,6,108,0.15292270365928345,16.239999771118164
2026-09-24T14:01:43.530623+00:00,3,⚡ [REJİM 3] Reel Faiz Şoku,-0.8714,1.2985,0.217783,0,1,6,114,0.6217933630730385,15.720000267028809
2026-09-27T11:29:17.816575+00:00,3,⚡ [REJİM 3] Reel Faiz Şoku,1.407,1.368723,0.256147,2,0,6,120,1.5625456857033533,14.869999885559082
2026-09-27T13:56:03.228496+00:00,3,⚡ [REJİM 3] Reel Faiz Şoku,1.407,1.368723,0.256147,1,1,12,120,1.5625456857033533,14.869999885559082
2026-09-27T19:13:32.090826+00:00,3,⚡ [REJİM 3] Reel Faiz Şoku,1.407,1.368723,0.256147,0,1,14,124,1.5625456857033533,14.869999885559082
2026-09-28T03:44:47.045479+00:00,3,⚡ [REJİM 3] Reel Faiz Şoku,1.9174,1.43647,0.275974,1,3,6,138,1.5903943072192408,14.869999885559082
2026-09-28T06:02:58.881811+00:00,3,⚡ [REJİM 3] Reel Faiz Şoku,0.5493,1.544201,0.133333,1,1,12,138,1.5822608048232285,14.869999885559082
2026-09-28T07:42:08.486415+00:00,3,⚡ [REJİM 3] Reel Faiz Şoku,-1.1366,1.380055,0.353185,2,3,18,138,1.5626250532262886,16.170000076293945
2026-09-28T07:44:23.895260+00:00,3,⚡ [REJİM 3] Reel Faiz Şoku,-1.5901,1.37145,0.376729,0,2,24,138,1.56356014016154,16.200000762939453
2026-09-28T10:35:23.604524+00:00,3,⚡ [REJİM 3] Reel Faiz Şoku,0.7668,1.398863,0.284988,0,2,24,144,1.470600897397151,16.40999984741211
2026-09-28T11:40:02.551512+00:00,3,⚡ [REJİM 3] Reel Faiz Şoku,0.9296,1.396424,0.291829,0,2,24,150,1.4721233103631608,16.25
2026-09-28T11:51:14.591449+00:00,3,⚡ [REJİM 3] Reel Faiz Şoku,0.7445,1.387164,0.301475,3,1,30,150,1.471943042958055,16.280000686645508
2026-09-28T12:04:34.151924+00:00,3,⚡ [REJİM 3] Reel Faiz Şoku,0.9336,1.386362,0.297987,0,6,32,154,1.479364432259519,16.270000457763672
2026-09-28T12:06:49.882246+00:00,3,⚡ [REJİM 3] Reel Faiz Şoku,0.9199,1.388138,0.300009,0,3,38,154,1.745470609768187,16.270000457763672
2026-09-28T12:23:10.824101+00:00,3,⚡ [REJİM 3] Reel Faiz Şoku,0.2802,1.394465,0.294957,0,2,36,162,1.743022388350549,16.100000381469727
2026-09-28T18:27:50.912036+00:00,3,⚡ [REJİM 3] Reel Faiz Şoku,-0.8406,1.418991,0.281023,3,2,6,198,1.4863089662458049,15.850000381469727
2026-09-28T23:27:15.389637+00:00,3,⚡ [REJİM 3] Reel Faiz Şoku,-0.4541,1.398335,0.29024,1,0,6,204,0.0,16.06999969482422
2026-09-29T02:40:40.067571+00:00,3,⚡ [REJİM 3] Reel Faiz Şoku,0.1803,1.315327,0.296972,1,0,12,204,0.04475902451763792,16.06999969482422
2026-09-29T09:28:48.269723+00:00,3,⚡ [REJİM 3] Reel Faiz Şoku,-1.0054,1.304479,0.257401,0,0,6,216,0.26215473114608034,16.059999465942383
2026-09-29T16:05:33.933276+00:00,3,⚡ [REJİM 3] Reel Faiz Şoku,-0.7961,1.28632,0.336013,3,0,6,222,0.42510304834651735,16.1200008392334
2026-09-29T20:57:26.375947+00:00,3,⚡ [REJİM 3] Reel Faiz Şoku,-0.6741,1.223823,0.346392,1,0,12,222,1.1645755058006815,16.030000686645508
2026-09-30T00:09:46.187812+00:00,3,⚡ [REJİM 3] Reel Faiz Şoku,-0.5192,1.212438,0.348702,0,1,12,228,1.1235752225282645,16.030000686645508
2026-09-30T05:49:34.765846+00:00,3,⚡ [REJİM 3] Reel Faiz Şoku,0.524,1.214552,0.347389,1,0,6,240,1.123712723122481,16.030000686645508
2026-09-30T11:57:09.299760+00:00,3,⚡ [REJİM 3] Reel Faiz Şoku,-0.9985,1.184184,0.374066,0,1,6,246,1.1235294117647059,16.1200008392334
2026-09-30T15:34:00.140122+00:00,3,⚡ [REJİM 3] Reel Faiz Şoku,1.6213,1.029552,0.473271,2,1,12,246,1.1235312493377214,15.920000076293945
2026-09-30T15:44:56.141015+00:00,3,⚡ [REJİM 3] Reel Faiz Şoku,1.0215,1.024679,0.490292,2,1,18,246,1.1235294117647059,15.859999656677246
2026-09-30T15:48:02.344854+00:00,3,⚡ [REJİM 3] Reel Faiz Şoku,0.8005,1.023935,0.492477,2,1,24,246,1.1238402836668597,15.859999656677246
2026-09-30T17:47:06.815778+00:00,3,⚡ [REJİM 3] Reel Faiz Şoku,0.4783,1.025637,0.494892,3,1,24,252,1.1829455459327258,15.960000038146973
2026-09-30T21:53:28.878233+00:00,3,⚡ [REJİM 3] Reel Faiz Şoku,-0.3126,1.024852,0.493141,0,0,12,270,0.11830893350480792,16.31999969482422
2026-10-01T01:04:28.159692+00:00,3,⚡ [REJİM 3] Reel Faiz Şoku,0.3685,1.023956,0.481979,0,0,12,276,1.1812691984793449,16.31999969482422
2026-10-01T06:42:20.099786+00:00,3,⚡ [REJİM 3] Reel Faiz Şoku,-0.438,1.094907,0.426711,0,0,6,288,1.1853928422239213,16.31999969482422
2026-10-01T06:56:17.714631+00:00,3,⚡ [REJİM 3] Reel Faiz Şoku,-1.2717,1.093041,0.443145,0,0,12,288,1.1943145935072264,16.31999969482422
2026-10-01T06:58:55.532390+00:00,3,⚡ [REJİM 3] Reel Faiz Şoku,-1.386,1.090608,0.447548,0,0,18,288,1.1968146340345076,16.31999969482422
2026-10-01T07:31:13.464495+00:00,3,⚡ [REJİM 3] Reel Faiz Şoku,0.3467,1.09384,0.440513,1,0,24,288,1.1985014963577456,16.329999923706055
2026-10-01T08:12:58.080523+00:00,3,⚡ [REJİM 3] Reel Faiz Şoku,0.6751,1.10474,0.441028,2,2,30,288,1.2043698833857412,16.700000762939453
2026-10-01T08:42:08.326287+00:00,3,⚡ [REJİM 3] Reel Faiz Şoku,-0.1146,1.103058,0.438936,2,1,36,288,1.2387387310797613,16.719999313354492
2026-10-01T08:43:16.452336+00:00,3,⚡ [REJİM 3] Reel Faiz Şoku,-0.1146,1.103058,0.438936,2,1,42,288,1.2387387310797613,16.719999313354492
2026-10-01T09:01:34.037196+00:00,3,⚡ [REJİM 3] Reel Faiz Şoku,2.0732,1.151751,0.318995,0,0,48,288,0.48185093237053916,16.90999984741211
2026-10-01T09:13:32.433321+00:00,3,⚡ [REJİM 3] Reel Faiz Şoku,1.7766,1.141163,0.342797,1,0,54,288,0.5139365104525074,16.899999618530273
2026-10-01T09:21:25.213615+00:00,3,⚡ [REJİM 3] Reel Faiz Şoku,1.7766,1.141163,0.342797,1,0,60,288,0.5139365104525074,16.860000610351562
2026-10-01T09:24:10.099443+00:00,3,⚡ [REJİM 3] Reel Faiz Şoku,1.7766,1.141163,0.342797,1,0,66,288,0.5139365104525074,16.860000610351562
2026-10-01T15:06:40.615517+00:00,3,⚡ [REJİM 3] Reel Faiz Şoku,-3.0893,1.037959,0.467139,3,0,6,354,0.2630074719275403,17.139999389648438
2026-10-01T20:25:43.323701+00:00,3,⚡ [REJİM 3] Reel Faiz Şoku,0.6888,1.001488,0.515395,0,0,12,354,0.2967159390032628,16.459999084472656
2026-10-02T00:01:51.057283+00:00,3,⚡ [REJİM 3] Reel Faiz Şoku,0.7393,1.011753,0.511311,0,0,12,360,0.2859710647633211,16.3799991607666
2026-10-02T05:59:31.475881+00:00,3,⚡ [REJİM 3] Reel Faiz Şoku,0.5787,1.083441,0.487462,0,0,12,366,0.2859710647633211,16.3799991607666
2026-10-02T12:22:23.009532+00:00,3,⚡ [REJİM 3] Reel Faiz Şoku,0.5678,1.106331,0.44593,0,0,6,378,0.4489471845308175,16.049999237060547
2026-10-02T13:04:44.991983+00:00,3,⚡ [REJİM 3] Reel Faiz Şoku,-1.1735,1.053211,0.456353,0,0,12,378,0.30356925058705414,15.489999771118164
2026-10-02T13:06:29.024167+00:00,3,⚡ [REJİM 3] Reel Faiz Şoku,-0.8462,1.063636,0.456226,0,0,18,378,0.30356925058705414,15.510000228881836
2026-10-02T13:16:42.857848+00:00,3,⚡ [REJİM 3] Reel Faiz Şoku,-0.6829,1.065273,0.453032,0,0,24,378,0.30356925058705414,15.529999732971191
2026-10-02T13:18:52.717362+00:00,3,⚡ [REJİM 3] Reel Faiz Şoku,-0.6829,1.065273,0.453032,0,0,30,378,0.30356925058705414,15.529999732971191
2026-10-02T13:28:09.911527+00:00,3,⚡ [REJİM 3] Reel Faiz Şoku,-0.6829,1.065273,0.453032,0,0,36,378,0.30356925058705414,15.529999732971191
2026-10-02T14:01:30.532155+00:00,3,⚡ [REJİM 3] Reel Faiz Şoku,1.1149,0.988643,0.514684,0,0,42,378,0.6773757853723856,15.6899995803833
2026-10-02T14:39:09.733603+00:00,3,⚡ [REJİM 3] Reel Faiz Şoku,1.7629,0.95726,0.534267,0,0,48,378,0.2965029587475543,15.579999923706055
2026-10-02T14:41:07.845067+00:00,3,⚡ [REJİM 3] Reel Faiz Şoku,1.7629,0.95726,0.534267,0,0,54,378,0.2965029587475543,15.579999923706055
2026-10-02T15:01:30.445015+00:00,3,⚡ [REJİM 3] Reel Faiz Şoku,-1.0275,0.977847,0.541077,0,0,60,378,0.2965029587475543,15.460000038146973
2026-10-02T19:11:22.422126+00:00,3,⚡ [REJİM 3] Reel Faiz Şoku,-0.1608,1.119269,0.549983,0,0,30,414,0.47356496900541145,15.550000190734863
2026-10-02T20:01:30.489656+00:00,3,⚡ [REJİM 3] Reel Faiz Şoku,0.7725,1.11082,0.560419,0,0,18,432,0.27647058823529413,15.380000114440918
2026-10-02T21:01:30.492389+00:00,3,⚡ [REJİM 3] Reel Faiz Şoku,-0.236,1.114937,0.564784,0,0,18,438,0.18914183207260898,15.3100004196167
2026-10-02T22:01:30.496737+00:00,3,⚡ [REJİM 3] Reel Faiz Şoku,-1.0241,1.114031,0.566958,0,0,24,438,0.034480045561279135,15.3100004196167
2026-10-02T23:01:30.473763+00:00,3,⚡ [REJİM 3] Reel Faiz Şoku,-1.0241,1.114031,0.566958,0,0,30,438,0.034480045561279135,15.3100004196167
2026-10-03T00:01:30.477447+00:00,3,⚡ [REJİM 3] Reel Faiz Şoku,-1.0241,1.114031,0.566958,0,0,36,438,0.35697721430874557,15.3100004196167
2026-10-03T00:02:07.001373+00:00,3,⚡ [REJİM 3] Reel Faiz Şoku,-1.0241,1.114031,0.566958,0,0,42,438,0.35697721430874557,15.3100004196167
2026-10-03T01:01:30.326685+00:00,3,⚡ [REJİM 3] Reel Faiz Şoku,-1.0241,1.114031,0.566958,0,0,46,440,0.5238177226501182,15.3100004196167
2026-10-03T02:01:30.325973+00:00,3,⚡ [REJİM 3] Reel Faiz Şoku,-1.0241,1.114031,0.566958,0,0,50,442,0.5238177226501182,15.3100004196167
2026-10-03T03:01:30.301017+00:00,3,⚡ [REJİM 3] Reel Faiz Şoku,-1.0241,1.114031,0.566958,0,0,54,444,0.5238177226501182,15.3100004196167
2026-10-03T04:01:30.301337+00:00,3,⚡ [REJİM 3] Reel Faiz Şoku,-1.0241,1.114031,0.566958,0,0,58,446,0.5238177226501182,15.3100004196167
2026-10-03T05:01:30.332470+00:00,3,⚡ [REJİM 3] Reel Faiz Şoku,-1.0241,1.114031,0.566958,0,0,62,448,0.5238177226501182,15.3100004196167
2026-10-03T05:08:37.191786+00:00,3,⚡ [REJİM 3] Reel Faiz Şoku,-1.0241,1.114031,0.566958,0,0,68,448,0.5238177226501182,15.3100004196167
2026-10-03T06:01:30.475961+00:00,3,⚡ [REJİM 3] Reel Faiz Şoku,-1.0241,1.114031,0.566958,0,0,70,452,0.5238177226501182,15.3100004196167
2026-10-03T07:01:30.476540+00:00,3,⚡ [REJİM 3] Reel Faiz Şoku,-1.0241,1.114031,0.566958,0,0,74,454,0.5238177226501182,15.3100004196167
2026-10-03T08:01:30.475434+00:00,3,⚡ [REJİM 3] Reel Faiz Şoku,-0.7082,1.110977,0.583362,0,0,78,456,0.5238177226501182,15.3100004196167
2026-10-03T09:01:30.480973+00:00,3,⚡ [REJİM 3] Reel Faiz Şoku,-0.7082,1.110977,0.583362,0,0,82,458,0.5238177226501182,15.3100004196167
2026-10-03T10:01:30.475643+00:00,3,⚡ [REJİM 3] Reel Faiz Şoku,-0.7082,1.110977,0.583362,0,0,86,460,0.5238177226501182,15.3100004196167
2026-10-03T11:33:36.401625+00:00,3,⚡ [REJİM 3] Reel Faiz Şoku,-0.7082,1.110977,0.583362,0,0,88,464,0.5238177226501182,15.3100004196167
2026-10-03T12:01:30.502345+00:00,3,⚡ [REJİM 3] Reel Faiz Şoku,-0.7082,1.110977,0.583362,0,0,92,466,0.5238177226501182,15.3100004196167
2026-10-03T13:01:30.525370+00:00,3,⚡ [REJİM 3] Reel Faiz Şoku,-0.7082,1.110977,0.583362,0,0,96,468,0.5238177226501182,15.3100004196167
2026-10-03T14:01:30.525831+00:00,3,⚡ [REJİM 3] Reel Faiz Şoku,-0.7082,1.110977,0.583362,0,0,100,470,0.5238177226501182,15.3100004196167
2026-10-03T15:01:30.517162+00:00,3,⚡ [REJİM 3] Reel Faiz Şoku,-0.7082,1.110977,0.583362,0,0,104,472,0.5238177226501182,15.3100004196167
2026-10-03T16:01:30.491460+00:00,3,⚡ [REJİM 3] Reel Faiz Şoku,-0.7082,1.110977,0.583362,0,0,108,474,0.5238177226501182,15.3100004196167
2026-10-03T17:01:30.496129+00:00,3,⚡ [REJİM 3] Reel Faiz Şoku,-0.7082,1.110977,0.583362,0,0,112,476,0.5238177226501182,15.3100004196167
2026-10-03T17:02:09.510267+00:00,3,⚡ [REJİM 3] Reel Faiz Şoku,-0.7082,1.110977,0.583362,0,0,118,476,0.5238177226501182,15.3100004196167
2026-10-03T18:01:30.502755+00:00,3,⚡ [REJİM 3] Reel Faiz Şoku,-0.7082,1.110977,0.583362,0,0,122,478,0.5238177226501182,15.3100004196167
2026-10-03T19:01:30.506101+00:00,3,⚡ [REJİM 3] Reel Faiz Şoku,-0.7082,1.110977,0.583362,0,0,126,480,0.5238177226501182,15.3100004196167
2026-10-03T20:01:30.499409+00:00,3,⚡ [REJİM 3] Reel Faiz Şoku,-0.7082,1.110977,0.583362,0,0,130,482,0.5238177226501182,15.3100004196167
2026-10-03T21:01:30.486191+00:00,3,⚡ [REJİM 3] Reel Faiz Şoku,-0.7082,1.110977,0.583362,0,0,134,484,0.5238177226501182,15.3100004196167
2026-10-03T22:01:30.504666+00:00,3,⚡ [REJİM 3] Reel Faiz Şoku,-0.7082,1.110977,0.583362,0,0,138,486,0.5238177226501182,15.3100004196167
2026-10-03T22:02:17.722071+00:00,3,⚡ [REJİM 3] Reel Faiz Şoku,-0.7082,1.110977,0.583362,0,0,144,486,0.5238177226501182,15.3100004196167
2026-10-03T23:01:30.385756+00:00,3,⚡ [REJİM 3] Reel Faiz Şoku,-0.7082,1.110977,0.583362,0,0,146,490,0.5238177226501182,15.3100004196167
2026-10-04T00:01:30.384929+00:00,3,⚡ [REJİM 3] Reel Faiz Şoku,-0.7082,1.110977,0.583362,0,0,150,492,0.5238177226501182,15.3100004196167
2026-10-04T01:01:30.399501+00:00,3,⚡ [REJİM 3] Reel Faiz Şoku,-0.7082,1.110977,0.583362,0,0,154,494,0.5238177226501182,15.3100004196167
2026-10-04T02:01:30.398741+00:00,3,⚡ [REJİM 3] Reel Faiz Şoku,-0.7082,1.110977,0.583362,0,0,158,496,0.5238177226501182,15.3100004196167
2026-10-04T03:01:30.377712+00:00,3,⚡ [REJİM 3] Reel Faiz Şoku,-0.7082,1.110977,0.583362,0,0,162,498,0.5238177226501182,15.3100004196167
2026-10-04T03:02:27.556871+00:00,3,⚡ [REJİM 3] Reel Faiz Şoku,-0.7082,1.110977,0.583362,0,0,168,498,0.5238177226501182,15.3100004196167
2026-10-04T04:01:30.503935+00:00,3,⚡ [REJİM 3] Reel Faiz Şoku,-0.7082,1.110977,0.583362,0,0,170,502,0.5238177226501182,15.3100004196167
2026-10-04T05:01:30.515443+00:00,3,⚡ [REJİM 3] Reel Faiz Şoku,-0.7082,1.110977,0.583362,0,0,174,504,0.5238177226501182,15.3100004196167
2026-10-04T06:01:30.492406+00:00,3,⚡ [REJİM 3] Reel Faiz Şoku,-0.7082,1.110977,0.583362,0,0,178,506,,15.3100004196167
2026-10-04T07:01:30.498039+00:00,3,⚡ [REJİM 3] Reel Faiz Şoku,-0.7082,1.110977,0.583362,0,0,182,508,0.5238177226501182,15.3100004196167
2026-10-04T08:01:30.496058+00:00,3,⚡ [REJİM 3] Reel Faiz Şoku,-0.7082,1.110977,0.583362,0,0,186,510,0.5238177226501182,15.3100004196167
2026-10-04T09:38:12.368289+00:00,3,⚡ [REJİM 3] Reel Faiz Şoku,-0.7082,1.110977,0.583362,0,0,188,514,0.5238177226501182,15.3100004196167
2026-10-04T10:01:30.478281+00:00,3,⚡ [REJİM 3] Reel Faiz Şoku,-0.7082,1.110977,0.583362,0,0,192,516,0.5238177226501182,15.3100004196167
2026-10-04T11:01:30.480893+00:00,3,⚡ [REJİM 3] Reel Faiz Şoku,-0.7082,1.110977,0.583362,0,0,196,518,0.5238177226501182,15.3100004196167
2026-10-04T12:01:30.487402+00:00,3,⚡ [REJİM 3] Reel Faiz Şoku,-0.7082,1.110977,0.583362,0,0,200,520,0.5238177226501182,15.3100004196167
2026-10-04T13:01:30.514187+00:00,3,⚡ [REJİM 3] Reel Faiz Şoku,-0.7082,1.110977,0.583362,0,0,204,522,0.5238177226501182,15.3100004196167
2026-10-04T14:01:30.483960+00:00,3,⚡ [REJİM 3] Reel Faiz Şoku,-0.7082,1.110977,0.583362,0,0,208,524,0.5238177226501182,15.3100004196167
2026-10-04T15:01:30.483996+00:00,3,⚡ [REJİM 3] Reel Faiz Şoku,-0.7082,1.110977,0.583362,0,0,212,526,0.5238177226501182,15.3100004196167
2026-10-04T15:17:43.667771+00:00,3,⚡ [REJİM 3] Reel Faiz Şoku,-0.7082,1.110977,0.583362,0,0,218,526,0.5238177226501182,15.3100004196167
2026-10-04T16:01:30.463837+00:00,3,⚡ [REJİM 3] Reel Faiz Şoku,-0.7082,1.110977,0.583362,0,0,222,528,0.5238177226501182,15.3100004196167
2026-10-04T17:01:30.457095+00:00,3,⚡ [REJİM 3] Reel Faiz Şoku,-0.7082,1.110977,0.583362,0,0,226,530,0.5238177226501182,15.3100004196167
2026-10-04T18:01:30.448257+00:00,3,⚡ [REJİM 3] Reel Faiz Şoku,-0.7082,1.110977,0.583362,0,0,230,532,0.5238177226501182,15.3100004196167
2026-10-04T19:01:30.454222+00:00,3,⚡ [REJİM 3] Reel Faiz Şoku,-0.7082,1.110977,0.583362,0,0,234,534,0.5238177226501182,15.3100004196167
2026-10-04T20:01:30.484863+00:00,3,⚡ [REJİM 3] Reel Faiz Şoku,-0.7082,1.110977,0.583362,0,0,238,536,0.5238177226501182,15.3100004196167
2026-10-04T20:02:15.517812+00:00,3,⚡ [REJİM 3] Reel Faiz Şoku,-0.7082,1.110977,0.583362,0,0,244,536,0.5238177226501182,15.3100004196167
2026-10-04T21:01:30.381567+00:00,3,⚡ [REJİM 3] Reel Faiz Şoku,-0.7082,1.110977,0.583362,0,0,246,540,0.5238177226501182,15.3100004196167
2026-10-04T22:01:30.385314+00:00,3,⚡ [REJİM 3] Reel Faiz Şoku,-0.7082,1.110977,0.583362,0,0,250,542,0.5238177226501182,15.3100004196167
2026-10-04T23:01:30.380927+00:00,3,⚡ [REJİM 3] Reel Faiz Şoku,2.74,1.110144,0.634891,0,0,42,756,0.5238020410506175,15.3100004196167
2026-10-05T00:01:30.388038+00:00,3,⚡ [REJİM 3] Reel Faiz Şoku,0.8703,1.104975,0.638707,0,0,42,762,0.5238020410506175,15.3100004196167
2026-10-05T01:01:30.385648+00:00,3,⚡ [REJİM 3] Reel Faiz Şoku,1.1191,1.104734,0.657943,0,0,42,768,0.5614283023105073,15.3100004196167
2026-10-05T01:02:11.853050+00:00,3,⚡ [REJİM 3] Reel Faiz Şoku,1.2184,1.103682,0.66056,0,0,48,768,0.5643863128681856,15.3100004196167
2026-10-05T02:01:30.424502+00:00,3,⚡ [REJİM 3] Reel Faiz Şoku,0.3404,1.099016,0.683397,0,0,42,780,0.5681902049870788,15.3100004196167
2026-10-05T03:01:30.427041+00:00,3,⚡ [REJİM 3] Reel Faiz Şoku,1.8648,1.097635,0.657159,0,0,42,786,1.0285758340811102,15.3100004196167
2026-10-05T04:01:30.437746+00:00,3,⚡ [REJİM 3] Reel Faiz Şoku,2.103,1.107278,0.633754,0,0,42,792,1.2798773356722297,15.3100004196167
2026-10-05T05:01:30.452585+00:00,3,⚡ [REJİM 3] Reel Faiz Şoku,-0.1187,1.110572,0.634113,0,0,42,798,1.0965495118555455,15.3100004196167
2026-10-05T06:01:30.410370+00:00,3,⚡ [REJİM 3] Reel Faiz Şoku,0.3684,1.114256,0.61573,0,0,42,804,0.7989841230443624,15.3100004196167
2026-10-05T06:02:28.274775+00:00,3,⚡ [REJİM 3] Reel Faiz Şoku,1.0163,1.119915,0.611628,0,0,48,804,0.8158768866186124,15.3100004196167
2026-10-05T07:01:30.484536+00:00,3,⚡ [REJİM 3] Reel Faiz Şoku,1.3325,1.123762,0.615047,0,0,42,816,0.5238020410506175,15.3100004196167
2026-10-05T08:01:30.489553+00:00,3,⚡ [REJİM 3] Reel Faiz Şoku,0.4588,1.130874,0.61266,0,0,42,822,0.5238020410506175,16.299999237060547
2026-10-05T09:01:30.482614+00:00,3,⚡ [REJİM 3] Reel Faiz Şoku,-0.7951,1.129427,0.605438,0,0,42,828,0.5238020410506175,16.350000381469727
2026-10-05T10:01:30.483404+00:00,3,⚡ [REJİM 3] Reel Faiz Şoku,0.4032,1.130064,0.607169,0,0,42,834,0.5238020410506175,16.309999465942383
2026-10-05T11:01:30.490132+00:00,3,⚡ [REJİM 3] Reel Faiz Şoku,0.4603,1.126369,0.60442,0,0,42,840,0.5238020410506175,16.299999237060547
2026-10-05T11:02:21.606580+00:00,3,⚡ [REJİM 3] Reel Faiz Şoku,0.2627,1.126145,0.604828,0,0,48,840,0.5238020410506175,16.299999237060547
2026-10-05T18:20:03.980552+00:00,3,⚡ [REJİM 3] Reel Faiz Şoku,-0.5895,1.162609,0.507301,0,0,6,888,0.0,15.569999694824219
2026-10-05T19:01:30.373341+00:00,3,⚡ [REJİM 3] Reel Faiz Şoku,0.3851,1.160874,0.509767,0,0,12,888,0.0,15.579999923706055
2026-10-05T20:01:30.373451+00:00,3,⚡ [REJİM 3] Reel Faiz Şoku,-0.8529,1.163456,0.508066,0,0,18,888,0.01017015885967045,15.539999961853027
2026-10-05T21:01:30.372400+00:00,3,⚡ [REJİM 3] Reel Faiz Şoku,-0.0446,1.162271,0.510327,0,0,24,888,0.6139608028651661,15.520000457763672
2026-10-05T22:01:30.381400+00:00,3,⚡ [REJİM 3] Reel Faiz Şoku,0.6555,1.166232,0.504186,0,0,30,888,0.7859233853000565,15.520000457763672
2026-10-05T23:01:30.375205+00:00,3,⚡ [REJİM 3] Reel Faiz Şoku,-0.4165,1.16853,0.500643,0,0,36,888,0.611764705882353,15.520000457763672
2026-10-06T00:45:23.494503+00:00,3,⚡ [REJİM 3] Reel Faiz Şoku,-0.6607,1.175047,0.498326,0,0,36,894,1.0581078760802656,15.520000457763672
2026-10-06T01:01:30.397202+00:00,3,⚡ [REJİM 3] Reel Faiz Şoku,-1.0209,1.169976,0.486443,0,0,36,900,1.0590305749724316,15.520000457763672
2026-10-06T02:01:30.385728+00:00,3,⚡ [REJİM 3] Reel Faiz Şoku,-1.0016,1.189743,0.46847,0,0,36,906,1.0568090543428403,15.520000457763672
2026-10-06T03:01:30.386919+00:00,3,⚡ [REJİM 3] Reel Faiz Şoku,0.6919,1.204213,0.464203,0,0,36,912,1.0693565330461223,15.520000457763672
2026-10-06T04:01:30.385261+00:00,3,⚡ [REJİM 3] Reel Faiz Şoku,-0.4092,1.181553,0.47399,0,0,36,918,1.0568090543428403,15.520000457763672
2026-10-06T05:01:30.407362+00:00,3,⚡ [REJİM 3] Reel Faiz Şoku,-0.1028,1.183064,0.473575,0,0,36,924,1.065153583249925,15.520000457763672
2026-10-06T06:01:30.400347+00:00,3,⚡ [REJİM 3] Reel Faiz Şoku,-0.3669,1.182238,0.478101,0,0,36,930,1.0987236860916199,15.520000457763672
2026-10-06T07:29:12.340657+00:00,3,⚡ [REJİM 3] Reel Faiz Şoku,0.1353,1.222954,0.450789,0,0,36,936,1.0603552984027647,15.520000457763672
2026-10-06T08:01:30.510633+00:00,3,⚡ [REJİM 3] Reel Faiz Şoku,-0.0622,1.223715,0.449994,0,0,36,942,1.0568090543428403,15.479999542236328
2026-10-06T09:01:30.491717+00:00,3,⚡ [REJİM 3] Reel Faiz Şoku,-0.595,1.215796,0.450737,0,0,36,948,0.9486016610514999,15.4399995803833
2026-10-06T10:01:30.494067+00:00,3,⚡ [REJİM 3] Reel Faiz Şoku,0.8459,1.214682,0.439418,0,0,36,954,0.9486016610514999,15.420000076293945
2026-10-06T11:01:30.485218+00:00,3,⚡ [REJİM 3] Reel Faiz Şoku,-0.991,1.203609,0.447102,0,0,36,960,0.9486016610514999,15.359999656677246
2026-10-06T12:01:30.485762+00:00,3,⚡ [REJİM 3] Reel Faiz Şoku,1.3487,1.221873,0.454174,0,0,36,966,0.6140590249307721,15.319999694824219
2026-10-06T13:01:30.482408+00:00,3,⚡ [REJİM 3] Reel Faiz Şoku,-0.243,1.220143,0.466188,0,0,36,972,0.611764705882353,15.3100004196167
2026-10-06T15:02:43.993991+00:00,3,⚡ [REJİM 3] Reel Faiz Şoku,-0.876,1.238463,0.446557,0,0,30,984,0.611764705882353,15.420000076293945
2026-10-06T16:01:30.419326+00:00,3,⚡ [REJİM 3] Reel Faiz Şoku,0.6203,1.241405,0.452199,0,0,30,990,0.619836625138932,15.25
2026-10-06T17:01:30.381084+00:00,3,⚡ [REJİM 3] Reel Faiz Şoku,0.3614,1.233883,0.454692,0,0,30,996,0.6135930388251457,15.029999732971191
2026-10-06T18:01:30.377515+00:00,3,⚡ [REJİM 3] Reel Faiz Şoku,-0.0552,1.228057,0.455645,0,0,30,1002,0.611764705882353,15.09000015258789
2026-10-06T19:01:30.387912+00:00,3,⚡ [REJİM 3] Reel Faiz Şoku,-0.0447,1.228385,0.455454,0,0,30,1008,0.6548538950267944,15.039999961853027
2026-10-06T20:01:30.389323+00:00,3,⚡ [REJİM 3] Reel Faiz Şoku,-0.0887,1.225482,0.454611,0,0,36,1008,0.6143782138249106,15.050000190734863
2026-10-06T20:11:10.214865+00:00,3,⚡ [REJİM 3] Reel Faiz Şoku,-0.719,1.22932,0.455354,0,0,42,1008,0.6124191284799678,15.0600004196167
2026-10-06T21:01:30.466606+00:00,3,⚡ [REJİM 3] Reel Faiz Şoku,0.0485,1.228972,0.454274,0,0,42,1014,0.4470588235294118,15.010000228881836
2026-10-06T22:01:30.456288+00:00,3,⚡ [REJİM 3] Reel Faiz Şoku,0.0765,1.228692,0.454498,0,0,45,1017,0.44968592958108805,15.010000228881836
2026-10-06T23:01:30.452383+00:00,3,⚡ [REJİM 3] Reel Faiz Şoku,0.0297,1.231286,0.453996,0,0,42,1026,0.44771676102197255,15.010000228881836
2026-10-07T00:01:30.458533+00:00,3,⚡ [REJİM 3] Reel Faiz Şoku,0.1612,1.232248,0.454082,0,0,42,1032,0.4654038634637936,15.010000228881836
2026-10-07T01:01:30.468393+00:00,3,⚡ [REJİM 3] Reel Faiz Şoku,0.9547,1.217266,0.468749,0,0,42,1038,0.4914759433847742,15.010000228881836
2026-10-07T01:02:17.562622+00:00,3,⚡ [REJİM 3] Reel Faiz Şoku,0.6299,1.223155,0.464518,0,0,48,1038,0.48817386584604183,15.010000228881836
2026-10-07T02:01:30.503220+00:00,3,⚡ [REJİM 3] Reel Faiz Şoku,-0.3147,1.226903,0.463928,0,0,42,1050,0.5494278710279752,15.010000228881836
2026-10-07T03:01:30.501679+00:00,3,⚡ [REJİM 3] Reel Faiz Şoku,-0.0796,1.225734,0.468342,0,0,42,1056,0.6206936982207643,15.010000228881836
2026-10-07T04:01:30.492306+00:00,3,⚡ [REJİM 3] Reel Faiz Şoku,-0.0448,1.226153,0.468255,0,0,42,1062,0.4992421137127231,15.010000228881836
2026-10-07T05:01:30.501568+00:00,3,⚡ [REJİM 3] Reel Faiz Şoku,0.0693,1.22615,0.468472,0,0,42,1068,0.49830267121662253,15.010000228881836
2026-10-07T06:01:30.501908+00:00,3,⚡ [REJİM 3] Reel Faiz Şoku,0.0872,1.223679,0.469164,0,0,42,1074,,15.010000228881836
2026-10-07T07:09:19.681626+00:00,3,⚡ [REJİM 3] Reel Faiz Şoku,-0.6223,1.211467,0.49525,0,0,36,1086,0.44870007171989823,15.010000228881836
2026-10-07T08:01:30.497269+00:00,3,⚡ [REJİM 3] Reel Faiz Şoku,-1.8154,1.256963,0.413484,0,0,36,1092,0.5455833087376117,15.229999542236328
2026-10-07T09:01:30.513510+00:00,3,⚡ [REJİM 3] Reel Faiz Şoku,-0.4149,1.252859,0.426282,0,0,36,1098,0.5609801393181758,15.239999771118164
2026-10-07T10:01:30.513695+00:00,3,⚡ [REJİM 3] Reel Faiz Şoku,-0.3204,1.250726,0.428939,0,0,36,1104,0.6284791719622054,15.390000343322754
2026-10-07T10:56:34.424235+00:00,3,⚡ [REJİM 3] Reel Faiz Şoku,-1.7762,1.293371,0.366917,0,0,42,1104,0.5914716568463594,15.520000457763672
2026-10-07T11:01:30.450086+00:00,3,⚡ [REJİM 3] Reel Faiz Şoku,-0.2614,1.291486,0.370894,0,0,42,1110,0.6370432185024124,15.649999618530273
2026-10-07T20:19:14.441545+00:00,3,⚡ [REJİM 3] Reel Faiz Şoku,0.4354,1.236934,0.402097,0,0,6,1152,0.2825786796007501,15.079999923706055
2026-10-07T21:14:00.460112+00:00,3,⚡ [REJİM 3] Reel Faiz Şoku,-0.9383,1.231903,0.396466,0,0,12,1152,0.1636688310001298,15.079999923706055
2026-10-08T01:50:11.912635+00:00,3,⚡ [REJİM 3] Reel Faiz Şoku,-0.6681,1.223981,0.392611,0,0,18,1152,0.0,15.079999923706055
2026-10-08T08:50:39.040835+00:00,3,⚡ [REJİM 3] Reel Faiz Şoku,-3.2714,1.236597,0.372976,0,0,6,1170,0.132906716600187,15.65999984741211
2026-10-08T16:24:16.754548+00:00,3,⚡ [REJİM 3] Reel Faiz Şoku,0.7421,1.304723,0.292744,0,0,6,1176,0.7606467872641735,15.489999771118164
2026-10-08T22:00:39.797637+00:00,3,⚡ [REJİM 3] Reel Faiz Şoku,-0.004,1.303493,0.288842,0,0,10,1178,,15.420000076293945
2026-10-09T02:02:22.843891+00:00,3,⚡ [REJİM 3] Reel Faiz Şoku,-1.259,1.282675,0.267076,0,0,12,1182,0.11390484360820266,15.420000076293945
2026-10-09T08:54:31.243620+00:00,3,⚡ [REJİM 3] Reel Faiz Şoku,1.0626,1.199584,0.275385,0,0,6,1194,0.11390484360820266,15.25
2026-10-09T16:07:00.586372+00:00,3,⚡ [REJİM 3] Reel Faiz Şoku,0.5605,1.283308,0.263604,0,0,6,1200,0.3069943415058088,14.869999885559082
2026-10-09T20:50:17.570120+00:00,3,⚡ [REJİM 3] Reel Faiz Şoku,-1.4648,1.314674,0.255348,0,0,12,1200,0.019964166930682814,14.789999961853027
2026-10-10T00:43:32.720971+00:00,3,⚡ [REJİM 3] Reel Faiz Şoku,1.4048,1.284172,0.261061,0,0,16,1202,0.0,14.84000015258789
2026-10-10T06:58:40.006145+00:00,3,⚡ [REJİM 3] Reel Faiz Şoku,1.7609,1.310401,0.227999,0,0,18,1206,0.0,14.84000015258789
2026-10-10T13:34:24.345830+00:00,3,⚡ [REJİM 3] Reel Faiz Şoku,1.9532,1.285514,0.239991,0,0,22,1208,0.0,14.84000015258789
2026-10-10T18:29:15.576235+00:00,3,⚡ [REJİM 3] Reel Faiz Şoku,1.9824,1.286259,0.239316,1,0,28,1208,0.0,14.84000015258789
2026-10-10T22:26:42.450798+00:00,3,⚡ [REJİM 3] Reel Faiz Şoku,1.9543,1.286321,0.239885,1,0,32,1210,0.0,14.84000015258789
2026-10-11T01:48:38.651032+00:00,3,⚡ [REJİM 3] Reel Faiz Şoku,1.9619,1.288146,0.237903,1,0,36,1212,0.0,14.84000015258789
