ts,open,high,low,close,vol,date
1773014400000,5.769,5.949,5.72,5.897,378660.1,2026-03-09
1773100800000,5.897,5.974,5.844,5.934,440052.2,2026-03-10
1773187200000,5.934,5.966,5.841,5.885,232130.6,2026-03-11
1773273600000,5.885,5.91,5.82,5.838,169915.1,2026-03-12
1773360000000,5.838,5.859,5.66,5.684,196385.6,2026-03-13
1773446400000,5.684,5.692,5.668,5.673,74783.6,2026-03-14
1773532800000,5.673,5.7,5.658,5.694,33529.7,2026-03-15
1773619200000,5.694,5.852,5.694,5.832,167258.2,2026-03-16
1773705600000,5.832,5.849,5.738,5.774,120016.9,2026-03-17
1773792000000,5.774,5.785,5.459,5.503,144445.7,2026-03-18
1773878400000,5.503,5.553,5.278,5.509,329811.5,2026-03-19
1773964800000,5.509,5.564,5.275,5.301,117031.9,2026-03-20
1774051200000,5.301,5.316,5.229,5.303,110010.5,2026-03-21
1774137600000,5.303,5.317,5.25,5.311,22091.3,2026-03-22
1774224000000,5.311,5.6,5.237,5.497,247847.4,2026-03-23
1774310400000,5.497,5.575,5.36,5.555,106420.1,2026-03-24
1774396800000,5.555,5.588,5.506,5.518,76288.9,2026-03-25
1774483200000,5.518,5.54,5.451,5.496,74363.3,2026-03-26
1774569600000,5.496,5.567,5.458,5.462,30696.9,2026-03-27
1774656000000,5.462,5.47,5.457,5.462,5934.2,2026-03-28
1774742400000,5.462,5.512,5.411,5.422,44703.4,2026-03-29
1774828800000,5.422,5.534,5.42,5.49,68686.9,2026-03-30
1774915200000,5.49,5.661,5.476,5.655,39980,2026-03-31
1775001600000,5.655,5.664,5.589,5.631,48819.7,2026-04-01
1775088000000,5.631,5.726,5.522,5.691,133226.9,2026-04-02
1775174400000,5.691,5.702,5.661,5.669,61970.3,2026-04-03
1775260800000,5.669,5.675,5.652,5.659,34906.5,2026-04-04
1775347200000,5.659,5.668,5.62,5.639,97216.9,2026-04-05
1775433600000,5.639,5.696,5.588,5.615,113956.5,2026-04-06
1775520000000,5.615,5.754,5.551,5.684,178074.3,2026-04-07
1775606400000,5.684,5.794,5.678,5.762,168650.5,2026-04-08
1775779200000,5.766,5.966,5.758,5.897,127665.8,2026-04-10
1775865600000,5.897,5.908,5.891,5.901,31098.5,2026-04-11
1775952000000,5.901,5.908,5.781,5.824,163966.4,2026-04-12
1776038400000,5.824,6.072,5.811,6.059,147383.4,2026-04-13
1776124800000,6.059,6.151,6.047,6.141,229388.5,2026-04-14
1776211200000,6.141,6.206,6.127,6.158,96371.9,2026-04-15
1776297600000,6.158,6.196,6.081,6.12,107818.6,2026-04-16
1776384000000,6.12,6.196,6.082,6.142,121728.7,2026-04-17
1776470400000,6.142,6.148,6.129,6.13,26657,2026-04-18
1776556800000,6.13,6.143,6.067,6.1,66020.4,2026-04-19
1776643200000,6.1,6.16,6.074,6.102,176926.5,2026-04-20
1776729600000,6.102,6.135,6.027,6.084,113728.7,2026-04-21
1776816000000,6.084,6.237,6.082,6.195,147731.2,2026-04-22
1776902400000,6.195,6.217,6.075,6.109,189026.2,2026-04-23
1776988800000,6.109,6.113,6.05,6.096,144023.3,2026-04-24
1777075200000,6.096,6.103,6.087,6.103,7660.2,2026-04-25
1777161600000,6.103,6.22,6.065,6.089,72795.7,2026-04-26
1777248000000,6.089,6.142,6.054,6.088,130465.3,2026-04-27
1777334400000,6.088,6.1,5.926,5.986,331531.8,2026-04-28
1777420800000,5.986,6.029,5.912,5.951,103818.8,2026-04-29
1777507200000,5.951,6.062,5.936,6.03,109274.9,2026-04-30
1777593600000,6.03,6.053,5.967,5.974,72159.7,2026-05-01
1777680000000,5.974,5.982,5.961,5.975,20456.2,2026-05-02
1777766400000,5.975,6.006,5.943,5.993,20278.7,2026-05-03
1777852800000,5.993,6.015,5.826,5.881,73891.4,2026-05-04
1777939200000,5.881,6.025,5.871,6.009,47433.7,2026-05-05
1778025600000,6.009,6.228,6.006,6.19,144888.9,2026-05-06
1778112000000,6.19,6.25,6.106,6.151,197060.4,2026-05-07
1778198400000,6.151,6.338,6.146,6.208,148284.6,2026-05-08
1778284800000,6.208,6.292,6.191,6.285,111059.9,2026-05-09
1778371200000,6.285,6.843,6.274,6.308,504080.9,2026-05-10
1778457600000,6.308,6.54,6.297,6.51,270773.2,2026-05-11
1778544000000,6.51,6.729,6.45,6.638,315136.9,2026-05-12
1778630400000,6.638,6.728,6.459,6.64,300802.1,2026-05-13
1778716800000,6.64,6.667,6.556,6.582,156650.1,2026-05-14
1778803200000,6.582,6.595,6.276,6.306,272310.5,2026-05-15
1778889600000,6.306,6.339,6.285,6.292,42142.5,2026-05-16
1778976000000,6.292,6.358,6.239,6.296,77435.4,2026-05-17
1779062400000,6.296,6.367,6.212,6.344,185657.2,2026-05-18
1779148800000,6.344,6.348,6.166,6.213,109514.6,2026-05-19
1779235200000,6.213,6.362,6.158,6.344,109172.5,2026-05-20
1779321600000,6.344,6.386,6.252,6.352,93383.6,2026-05-21
1779408000000,6.352,6.422,6.334,6.367,104436.3,2026-05-22
1779494400000,6.367,6.403,6.3,6.382,287731.3,2026-05-23
1779580800000,6.382,6.494,6.31,6.458,137289.9,2026-05-24
1779667200000,6.458,6.503,6.403,6.467,92566.5,2026-05-25
1779753600000,6.467,6.467,6.375,6.445,59736.4,2026-05-26
1779840000000,6.445,6.486,6.325,6.344,65323.6,2026-05-27
1779926400000,6.344,6.441,6.253,6.422,75768.7,2026-05-28
1780012800000,6.422,6.451,6.384,6.42,123505.8,2026-05-29
1780099200000,6.42,6.439,6.406,6.409,13063.7,2026-05-30
1780185600000,6.409,6.428,6.352,6.428,32269.6,2026-05-31
1780272000000,6.428,6.6,6.428,6.582,128798.6,2026-06-01
1780358400000,6.582,6.713,6.542,6.673,97436,2026-06-02
1780444800000,6.673,6.689,6.484,6.502,106624.8,2026-06-03
1780531200000,6.502,6.578,6.433,6.517,57794.2,2026-06-04
1780617600000,6.517,6.518,6.266,6.323,95076.5,2026-06-05
1780704000000,6.323,6.332,6.043,6.136,79293,2026-06-06
1780790400000,6.136,6.317,6.133,6.277,48531.9,2026-06-07
1780876800000,6.277,6.424,6.255,6.365,79525.4,2026-06-08
1780963200000,6.365,6.504,6.325,6.372,94310,2026-06-09
1781049600000,6.372,6.397,6.2,6.236,190418.9,2026-06-10
1781136000000,6.236,6.463,6.233,6.456,133547.9,2026-06-11
1781222400000,6.456,6.558,6.422,6.534,76401.6,2026-06-12
1781308800000,6.534,6.587,6.495,6.58,46869.7,2026-06-13
1781395200000,6.58,6.615,6.531,6.595,24187.6,2026-06-14
1781481600000,6.595,6.625,6.542,6.546,60582.7,2026-06-15
1781568000000,6.546,6.598,6.496,6.556,70338.5,2026-06-16
1781654400000,6.556,6.614,6.391,6.461,114962.2,2026-06-17
1781740800000,6.461,6.512,6.424,6.441,77753.8,2026-06-18
1781827200000,6.441,6.451,6.337,6.437,33488,2026-06-19
1781913600000,6.437,6.491,6.417,6.437,11957.1,2026-06-20
1782000000000,6.437,6.467,6.389,6.396,19342.5,2026-06-21
1782086400000,6.396,6.477,6.359,6.42,57895.5,2026-06-22
1782172800000,6.42,6.428,6.185,6.209,69473,2026-06-23
1782259200000,6.209,6.243,5.988,6.052,215546.5,2026-06-24
1782345600000,6.052,6.165,6.02,6.123,161268.6,2026-06-25
1782432000000,6.123,6.243,6.038,6.238,75395.1,2026-06-26
1782518400000,6.238,6.254,6.216,6.23,26801.2,2026-06-27
1782604800000,6.23,6.281,6.195,6.202,15160.3,2026-06-28
1782691200000,6.202,6.249,6.142,6.18,83247.8,2026-06-29
1782777600000,6.18,6.325,6.116,6.251,87424.4,2026-06-30
1782864000000,6.251,6.255,6.095,6.161,38369.7,2026-07-01
1782950400000,6.161,6.229,6.121,6.184,94524.8,2026-07-02
1783036800000,6.184,6.273,6.18,6.225,87757.5,2026-07-03
1783123200000,6.225,6.266,6.213,6.253,15706.1,2026-07-04
1783209600000,6.253,6.26,6.222,6.24,47623.1,2026-07-05
1783296000000,6.24,6.263,6.176,6.237,109711.2,2026-07-06
1783382400000,6.237,6.279,6.166,6.166,116988.5,2026-07-07
1783468800000,6.166,6.223,6.069,6.132,40960,2026-07-08
1783641600000,6.249,6.319,6.233,6.287,36997.1,2026-07-10
1783728000000,6.287,6.463,6.287,6.313,40728.9,2026-07-11
1783814400000,6.313,6.323,6.25,6.266,22575.3,2026-07-12
1783900800000,6.266,6.356,6.2,6.279,84550.1,2026-07-13
1783987200000,6.279,6.446,6.268,6.373,81799.4,2026-07-14
1784073600000,6.373,6.417,6.34,6.385,72305.6,2026-07-15
1784160000000,6.385,6.42,6.284,6.299,86942.1,2026-07-16
1784246400000,6.299,6.305,6.207,6.291,80438.5,2026-07-17
1784332800000,6.291,6.298,6.237,6.248,36867.5,2026-07-18
1784419200000,6.248,6.287,6.241,6.282,26225.6,2026-07-19
1784505600000,6.282,6.367,6.267,6.352,91931.3,2026-07-20
1784592000000,6.352,6.573,6.344,6.537,180763.7,2026-07-21
1784678400000,6.537,6.571,6.478,6.489,77677.1,2026-07-22
1784764800000,6.489,6.545,6.321,6.341,79331.9,2026-07-23
1784851200000,6.341,6.382,6.316,6.36,42292.2,2026-07-24
1784937600000,6.36,6.363,6.332,6.336,15796.1,2026-07-25
1785024000000,6.336,6.428,6.335,6.377,28998.8,2026-07-26
1785110400000,6.377,6.42,6.351,6.395,43693.7,2026-07-27
1785196800000,6.395,6.397,6.303,6.354,43496.1,2026-07-28
1785283200000,6.354,6.432,6.297,6.388,83861.9,2026-07-29
1785369600000,6.388,6.519,6.352,6.51,76099.6,2026-07-30
1785456000000,6.51,6.548,6.438,6.528,87569.5,2026-07-31
1785542400000,6.528,6.538,6.483,6.518,30029.3,2026-08-01
1785628800000,6.518,6.668,6.502,6.546,58220.5,2026-08-02
1785715200000,6.546,6.581,6.465,6.561,166700.8,2026-08-03
1785801600000,6.561,6.697,6.55,6.637,110384.8,2026-08-04
1785888000000,6.637,6.781,6.622,6.768,173981.3,2026-08-05
1785974400000,6.768,6.898,6.671,6.752,308780.7,2026-08-06
1786060800000,6.752,6.789,6.59,6.618,249695.6,2026-08-07
1786147200000,6.618,6.664,6.605,6.612,44260.9,2026-08-08
1786233600000,6.612,6.664,6.612,6.622,34640.9,2026-08-09
1786320000000,6.622,6.69,6.613,6.669,222068.6,2026-08-10
1786406400000,6.669,6.751,6.663,6.698,65881.9,2026-08-11
1786492800000,6.698,6.78,6.677,6.69,89740.6,2026-08-12
1786579200000,6.69,6.724,6.576,6.684,98686.3,2026-08-13
1786665600000,6.684,6.792,6.652,6.787,47736.7,2026-08-14
1786752000000,6.787,6.824,6.746,6.771,23667.7,2026-08-15
1786838400000,6.771,6.8,6.728,6.748,15717.3,2026-08-16
1786924800000,6.748,6.853,6.688,6.724,100414.4,2026-08-17
1787011200000,6.724,6.73,6.488,6.553,85936.9,2026-08-18
1787097600000,6.553,6.632,6.519,6.604,41709,2026-08-19
1787184000000,6.604,6.625,6.514,6.604,60237.4,2026-08-20
1787270400000,6.604,6.694,6.599,6.686,2301359.2,2026-08-21
1787356800000,6.686,6.689,6.603,6.647,147357.5,2026-08-22
1787443200000,6.647,6.691,6.639,6.691,88072.1,2026-08-23
1787529600000,6.691,6.75,6.644,6.727,150880.6,2026-08-24
1787616000000,6.727,6.828,6.673,6.797,110336.3,2026-08-25
1787702400000,6.797,6.877,6.69,6.726,128769.6,2026-08-26
1787788800000,6.726,6.739,6.637,6.689,43947.1,2026-08-27
1787875200000,6.689,6.751,6.603,6.635,82102.8,2026-08-28
1787961600000,6.635,6.702,6.615,6.673,20413.3,2026-08-29
1788048000000,6.673,6.719,6.606,6.629,30321.4,2026-08-30
1788134400000,6.629,6.729,6.603,6.701,25737.1,2026-08-31
1788220800000,6.701,6.742,6.521,6.548,490526.6,2026-09-01
1788307200000,6.548,6.649,6.514,6.603,86041.3,2026-09-02
1788393600000,6.603,6.683,6.583,6.681,113871,2026-09-03
1788480000000,6.681,6.708,6.62,6.674,53405,2026-09-04
1788566400000,6.674,6.718,6.668,6.71,6672.7,2026-09-05
1788652800000,6.71,6.734,6.672,6.672,16425.5,2026-09-06
1788739200000,6.672,6.746,6.649,6.746,91142.3,2026-09-07
1788825600000,6.746,6.876,6.746,6.782,134026.1,2026-09-08
1788912000000,6.782,6.898,6.746,6.856,85224.1,2026-09-09
1788998400000,6.856,6.896,6.509,6.531,288668.1,2026-09-10
1789084800000,6.531,6.601,6.493,6.535,140741.5,2026-09-11
1789171200000,6.535,6.541,6.465,6.516,56080.3,2026-09-12
1789257600000,6.516,6.542,6.502,6.524,26949.3,2026-09-13
1789344000000,6.524,6.539,6.362,6.399,433230.3,2026-09-14
1789430400000,6.399,6.469,6.35,6.457,228365.1,2026-09-15
1789516800000,6.457,6.524,6.422,6.459,134457.4,2026-09-16
1789603200000,6.459,6.677,6.452,6.628,161395.1,2026-09-17
1789689600000,6.628,6.716,6.627,6.701,203402.2,2026-09-18
1789776000000,6.701,6.701,6.581,6.669,42101,2026-09-19
1789862400000,6.669,6.711,6.666,6.706,29151.5,2026-09-20
1789948800000,6.706,6.847,6.702,6.808,154533.8,2026-09-21
1790035200000,6.808,6.927,6.796,6.902,321647.4,2026-09-22
1790121600000,6.902,6.905,6.744,6.789,378825.2,2026-09-23
1790208000000,6.789,6.806,6.735,6.776,68129.6,2026-09-24
1790294400000,6.776,6.801,6.736,6.781,37618.8,2026-09-25
1790380800000,6.781,6.8,6.778,6.795,12945.4,2026-09-26
1790467200000,6.795,6.797,6.742,6.748,27349.7,2026-09-27
1790553600000,6.748,6.748,6.605,6.634,84280.8,2026-09-28
1790640000000,6.634,6.681,6.595,6.669,47528.9,2026-09-29
1790726400000,6.669,6.7,6.617,6.643,48039.2,2026-09-30
1790812800000,6.643,6.65,6.52,6.589,54254.8,2026-10-01
1790899200000,6.589,6.638,6.534,6.596,64485.9,2026-10-02
1790985600000,6.596,6.608,6.586,6.593,19937.3,2026-10-03
1791072000000,6.593,6.634,6.587,6.589,23964.5,2026-10-04
1791158400000,6.589,6.66,6.574,6.646,59487.2,2026-10-05
1791244800000,6.646,6.689,6.621,6.662,41893.9,2026-10-06
1791331200000,6.662,6.699,6.613,6.669,220082.9,2026-10-07
